{"stats":{"minecraft:crafted":{"minecraft:wooden_sword":1,"minecraft:oak_planks":64,"minecraft:furnace":2,"minecraft:stone_pickaxe":1,"minecraft:chest":2,"alexsmobs:cooked_catfish":3,"minecraft:smoker":2,"minecraft:crafting_table":3,"farmersdelight:iron_knife":1,"minecraft:wooden_pickaxe":1,"minecraft:iron_sword":1,"minecraft:air":0,"crabbersdelight:cooked_tropical_fish":1,"farmersdelight:cutting_board":1,"minecraft:stick":66,"quark:oak_chest":2,"minecraft:iron_ingot":1,"minecraft:iron_pickaxe":1,"minecraft:wooden_axe":1,"minecraft:stone_sword":1,"minecraft:torch":64},"minecraft:broken":{"minecraft:golden_axe":1,"minecraft:wooden_axe":1},"minecraft:killed_by":{"minecraft:pillager":1,"minecraft:vindicator":4,"minecraft:skeleton":6,"minecraft:zombie":1},"minecraft:custom":{"lootr:looted_stat":44,"minecraft:mob_kills":28,"minecraft:interact_with_crafting_table":16,"minecraft:damage_dealt_resisted":0,"minecraft:leave_game":1,"minecraft:time_since_death":22249,"minecraft:climb_one_cm":6264,"minecraft:damage_resisted":141,"minecraft:sprint_one_cm":223092,"minecraft:walk_one_cm":189522,"minecraft:drop":24,"minecraft:damage_dealt_absorbed":81,"minecraft:play_time":96451,"minecraft:deaths":12,"minecraft:sneak_time":10952,"minecraft:walk_under_water_one_cm":13993,"minecraft:jump":983,"minecraft:interact_with_blast_furnace":3,"minecraft:walk_on_water_one_cm":18707,"minecraft:total_world_time":96451,"minecraft:interact_with_furnace":12,"minecraft:sleep_in_bed":2,"minecraft:time_since_rest":10737,"minecraft:waystone_activated":1,"minecraft:damage_taken":4978,"minecraft:damage_absorbed":80,"minecraft:damage_dealt":6784,"minecraft:fly_one_cm":227477,"minecraft:swim_one_cm":48162,"minecraft:open_chest":46,"minecraft:crouch_one_cm":31374,"minecraft:interact_with_smoker":7,"minecraft:fall_one_cm":27399},"minecraft:picked_up":{"minecraft:crafting_table":1,"minecraft:iron_chestplate":1,"illagerinvasion:platinum_chunk":1,"friendsandfoes:totem_of_illusion":4,"minecraft:gold_block":3,"minecraft:enchanted_book":3,"minecraft:diamond_horse_armor":1,"minecraft:stone_brick_stairs":1,"forbidden_arcanus:xpetrified_orb":7,"minecraft:string":17,"minecraft:raw_copper":45,"minecraft:cooked_salmon":8,"minecraft:white_carpet":8,"minecraft:cracked_stone_bricks":1,"minecraft:cobbled_deepslate":38,"minecraft:spruce_planks":3,"delightful:acorn":5,"minecraft:iron_nugget":2,"minecraft:iron_pickaxe":2,"minecraft:spruce_slab":2,"delightful:green_tea_leaf":7,"minecraft:iron_boots":1,"minecraft:raw_iron":35,"botania:lexicon":1,"apotheosis:gem":1,"forbidden_arcanus:aureal_bottle":2,"minecraft:oak_fence":1,"minecraft:torch":8,"minecraft:diorite":17,"minecraft:arrow":5,"minecraft:rotten_flesh":8,"minecraft:tropical_fish":1,"forbidden_arcanus:splash_aureal_bottle":1,"mowziesmobs:umvuthana_mask_bliss":1,"minecraft:saddle":1,"supplementaries:ash":1,"minecraft:mutton":5,"minecraft:iron_bars":1,"minecraft:cobblestone":99,"minecraft:white_wool":4,"minecraft:leather_chestplate":1,"minecraft:feather":2,"minecraft:iron_door":1,"minecraft:salmon":2,"minecraft:potato":1,"minecraft:oak_log":62,"minecraft:lapis_lazuli":49,"minecraft:dirt":39,"minecraft:white_banner":1,"minecraft:cooked_mutton":3,"minecraft:leather_boots":1,"minecraft:red_carpet":2,"minecraft:bone":3,"minecraft:apple":10,"crabbersdelight:cooked_tropical_fish_slice":2,"minecraft:stone_bricks":6,"minecraft:wheat_seeds":1,"minecraft:mossy_stone_bricks":1,"minecraft:oak_planks":1,"twigs:twig":30,"minecraft:iron_sword":1,"minecraft:book":6,"minecraft:cooked_porkchop":6,"minecraft:music_disc_13":1,"crabbersdelight:crab":4,"minecraft:jungle_planks":1,"minecraft:sand":12,"minecraft:blast_furnace":1,"illagerinvasion:illusionary_dust":1,"farmersdelight:cooked_mutton_chops":6,"forbidden_arcanus:arcane_crystal":2,"minecraft:crossbow":1,"minecraft:granite":3,"minecraft:bone_meal":9,"minecraft:emerald":8,"minecraft:bread":11,"minecraft:oak_sapling":39,"farmersdelight:cooked_salmon_slice":16,"minecraft:netherrack":1,"minecraft:coal":63},"minecraft:killed":{"minecraft:vindicator":1,"minecraft:skeleton":1,"minecraft:illusioner":3,"crabbersdelight:crab":2,"minecraft:tropical_fish":1,"minecraft:zombie_villager":1,"minecraft:salmon":4,"minecraft:sheep":4,"alexsmobs:catfish":1,"minecraft:pillager":2,"minecraft:zombie":8},"minecraft:mined":{"minecraft:red_carpet":6,"minecraft:spruce_planks":3,"minecraft:sculk_vein":2,"minecraft:granite":3,"minecraft:grass_block":7,"minecraft:jungle_planks":1,"forbidden_arcanus:deepslate_arcane_crystal_ore":2,"minecraft:iron_ore":14,"minecraft:deepslate_lapis_ore":8,"minecraft:gold_block":3,"minecraft:bookshelf":1,"minecraft:deepslate_iron_ore":22,"minecraft:iron_bars":1,"minecraft:stone":95,"minecraft:spruce_slab":2,"minecraft:tripwire":3,"minecraft:crafting_table":1,"minecraft:torch":1,"minecraft:blast_furnace":1,"minecraft:copper_ore":10,"minecraft:oak_planks":1,"minecraft:diorite":17,"minecraft:iron_door":1,"minecraft:wall_torch":3,"forbidden_arcanus:xpetrified_ore":4,"minecraft:white_carpet":8,"minecraft:stone_brick_stairs":1,"minecraft:grass":4,"minecraft:coal_ore":58,"minecraft:oak_log":65,"minecraft:sand":12,"minecraft:dirt":28,"minecraft:cobweb":19,"minecraft:cracked_stone_bricks":2,"minecraft:stone_bricks":6,"minecraft:netherrack":2,"minecraft:mossy_stone_bricks":2,"minecraft:oak_leaves":2,"minecraft:deepslate":35},"minecraft:dropped":{"minecraft:enchanted_book":1,"minecraft:iron_sword":1,"minecraft:crossbow":1,"forbidden_arcanus:xpetrified_orb":3,"minecraft:tropical_fish":1,"friendsandfoes:totem_of_illusion":1,"minecraft:diamond_horse_armor":1,"minecraft:torch":32,"mowziesmobs:umvuthana_mask_bliss":1,"minecraft:mutton":5,"alexsmobs:cooked_catfish":3,"farmersdelight:cooked_mutton_chops":3,"farmersdelight:cooked_salmon_slice":8,"twigs:twig":1,"minecraft:iron_nugget":2,"minecraft:cooked_chicken":1,"minecraft:cobbled_deepslate":6,"minecraft:iron_boots":1,"botania:lexicon":1,"apotheosis:gem":2,"sophisticatedbackpacks:copper_backpack":1,"crabbersdelight:crab":2},"minecraft:used":{"minecraft:chest":2,"minecraft:iron_sword":162,"crabbersdelight:crab":2,"minecraft:torch":28,"minecraft:white_carpet":8,"minecraft:wooden_axe":66,"friendsandfoes:totem_of_illusion":3,"minecraft:iron_axe":4,"farmersdelight:cooked_salmon_slice":8,"minecraft:stone_bricks":1,"delightful:green_tea_leaf":7,"minecraft:red_carpet":2,"farmersdelight:cutting_board":1,"minecraft:egg":8,"minecraft:cobbled_deepslate":2,"minecraft:golden_axe":16,"minecraft:diorite":16,"minecraft:stone_pickaxe":73,"minecraft:oak_planks":9,"minecraft:wooden_pickaxe":21,"minecraft:golden_apple":3,"minecraft:crafting_table":3,"minecraft:smoker":2,"minecraft:oak_log":3,"sophisticatedbackpacks:backpack":3,"minecraft:apple":10,"crabbersdelight:cooked_tropical_fish_slice":2,"minecraft:bread":10,"minecraft:iron_pickaxe":202,"minecraft:cobblestone":21,"forbidden_arcanus:splash_aureal_bottle":1,"minecraft:white_banner":1,"minecraft:cooked_porkchop":2}},"DataVersion":3465}