{"stats":{"minecraft:crafted":{"minecraft:wooden_sword":1,"minecraft:oak_planks":20,"minecraft:crafting_table":2,"farmersdelight:iron_knife":1,"minecraft:wooden_pickaxe":1,"minecraft:furnace":2,"minecraft:air":0,"crabbersdelight:cooked_tropical_fish":1,"farmersdelight:cutting_board":1,"minecraft:stick":62,"minecraft:iron_ingot":1,"minecraft:stone_pickaxe":1,"minecraft:wooden_axe":1,"minecraft:stone_sword":1,"alexsmobs:cooked_catfish":3,"minecraft:torch":64,"minecraft:smoker":2},"minecraft:broken":{"minecraft:golden_axe":1,"minecraft:wooden_axe":1},"minecraft:killed_by":{"minecraft:vindicator":4,"minecraft:skeleton":5,"minecraft:zombie":1},"minecraft:custom":{"lootr:looted_stat":5,"minecraft:interact_with_furnace":8,"minecraft:mob_kills":15,"minecraft:interact_with_crafting_table":12,"minecraft:damage_dealt_resisted":0,"minecraft:leave_game":1,"minecraft:time_since_death":305,"minecraft:sleep_in_bed":1,"minecraft:climb_one_cm":454,"minecraft:time_since_rest":328,"minecraft:waystone_activated":1,"minecraft:sprint_one_cm":109279,"minecraft:damage_taken":3162,"minecraft:walk_one_cm":62691,"minecraft:drop":13,"minecraft:damage_dealt":1685,"minecraft:swim_one_cm":48162,"minecraft:fly_one_cm":168379,"minecraft:crouch_one_cm":17256,"minecraft:play_time":48451,"minecraft:deaths":10,"minecraft:sneak_time":6325,"minecraft:walk_under_water_one_cm":13993,"minecraft:jump":725,"minecraft:walk_on_water_one_cm":18200,"minecraft:interact_with_smoker":5,"minecraft:total_world_time":48451,"minecraft:fall_one_cm":20715},"minecraft:picked_up":{"minecraft:crafting_table":1,"minecraft:feather":2,"minecraft:salmon":2,"minecraft:gold_block":1,"minecraft:oak_log":62,"forbidden_arcanus:xpetrified_orb":3,"minecraft:dirt":39,"minecraft:raw_copper":45,"minecraft:cooked_salmon":8,"minecraft:cooked_mutton":3,"crabbersdelight:cooked_tropical_fish_slice":2,"minecraft:apple":10,"minecraft:cobbled_deepslate":8,"delightful:acorn":5,"minecraft:spruce_planks":3,"minecraft:iron_pickaxe":1,"minecraft:spruce_slab":2,"twigs:twig":30,"delightful:green_tea_leaf":7,"minecraft:iron_sword":1,"minecraft:raw_iron":12,"minecraft:cooked_porkchop":1,"minecraft:oak_fence":1,"crabbersdelight:crab":4,"minecraft:torch":3,"minecraft:sand":12,"minecraft:jungle_planks":1,"minecraft:diorite":16,"farmersdelight:cooked_mutton_chops":6,"minecraft:rotten_flesh":5,"minecraft:tropical_fish":1,"minecraft:crossbow":1,"minecraft:granite":3,"minecraft:bone_meal":9,"minecraft:bread":11,"mowziesmobs:umvuthana_mask_bliss":1,"farmersdelight:cooked_salmon_slice":16,"minecraft:mutton":5,"minecraft:oak_sapling":39,"minecraft:netherrack":1,"minecraft:coal":58,"minecraft:white_wool":4,"minecraft:cobblestone":98},"minecraft:killed":{"minecraft:salmon":4,"minecraft:sheep":4,"alexsmobs:catfish":1,"minecraft:zombie":3,"crabbersdelight:crab":2,"minecraft:tropical_fish":1},"minecraft:mined":{"minecraft:spruce_planks":3,"minecraft:crafting_table":1,"minecraft:granite":3,"minecraft:grass_block":7,"minecraft:jungle_planks":1,"minecraft:copper_ore":10,"minecraft:diorite":16,"forbidden_arcanus:xpetrified_ore":3,"minecraft:iron_ore":12,"minecraft:gold_block":1,"minecraft:grass":4,"minecraft:oak_log":65,"minecraft:coal_ore":58,"minecraft:sand":12,"minecraft:dirt":28,"minecraft:deepslate":8,"minecraft:stone":94,"minecraft:netherrack":2,"minecraft:oak_leaves":2,"minecraft:spruce_slab":2},"minecraft:dropped":{"minecraft:enchanted_book":1,"minecraft:cooked_chicken":1,"minecraft:crossbow":1,"minecraft:tropical_fish":1,"minecraft:torch":32,"mowziesmobs:umvuthana_mask_bliss":1,"minecraft:mutton":5,"alexsmobs:cooked_catfish":3,"farmersdelight:cooked_mutton_chops":3,"farmersdelight:cooked_salmon_slice":8,"crabbersdelight:crab":2,"twigs:twig":1},"minecraft:used":{"minecraft:diorite":12,"minecraft:stone_pickaxe":73,"minecraft:wooden_pickaxe":21,"crabbersdelight:crab":2,"minecraft:iron_sword":9,"minecraft:torch":13,"minecraft:crafting_table":2,"minecraft:smoker":2,"sophisticatedbackpacks:backpack":1,"minecraft:wooden_axe":66,"minecraft:apple":10,"minecraft:bread":2,"minecraft:iron_pickaxe":116,"farmersdelight:cooked_salmon_slice":2,"delightful:green_tea_leaf":7,"farmersdelight:cutting_board":1,"minecraft:cobblestone":20,"minecraft:egg":8,"minecraft:golden_axe":16}},"DataVersion":3465}