{"stats":{"minecraft:mined":{"minecraft:red_carpet":6,"minecraft:spruce_planks":3,"minecraft:cobblestone_stairs":2,"minecraft:sculk_vein":31,"minecraft:jack_o_lantern":4,"minecraft:granite":3,"minecraft:grass_block":7,"minecraft:jungle_planks":1,"minecraft:soul_campfire":2,"minecraft:chiseled_stone_bricks":4,"minecraft:hay_block":14,"forbidden_arcanus:deepslate_arcane_crystal_ore":2,"minecraft:fire":5,"minecraft:iron_ore":14,"minecraft:moss_carpet":3,"minecraft:black_carpet":2,"minecraft:deepslate_lapis_ore":8,"minecraft:gold_block":3,"minecraft:bookshelf":1,"minecraft:deepslate_iron_ore":22,"minecraft:iron_bars":1,"minecraft:stripped_acacia_log":1,"minecraft:stone":111,"minecraft:spruce_slab":2,"minecraft:tripwire":3,"botania:green_mystical_flower":1,"minecraft:redstone_block":2,"minecraft:crafting_table":1,"minecraft:torch":1,"minecraft:blast_furnace":1,"minecraft:copper_ore":10,"minecraft:oak_planks":1,"minecraft:sculk":15,"minecraft:diorite":17,"minecraft:iron_door":1,"minecraft:wall_torch":5,"forbidden_arcanus:xpetrified_ore":4,"minecraft:white_carpet":8,"minecraft:birch_leaves":21,"minecraft:stone_brick_stairs":1,"minecraft:grass":26,"minecraft:coal_ore":58,"minecraft:oak_log":65,"minecraft:sand":12,"minecraft:dirt":28,"minecraft:gray_carpet":2,"minecraft:cobweb":19,"minecraft:cracked_stone_bricks":3,"minecraft:acacia_planks":1,"minecraft:stone_bricks":9,"minecraft:netherrack":2,"minecraft:mossy_stone_bricks":2,"minecraft:oak_leaves":2,"minecraft:deepslate":35},"minecraft:dropped":{"minecraft:enchanted_book":1,"minecraft:iron_sword":1,"minecraft:crossbow":1,"forbidden_arcanus:xpetrified_orb":3,"minecraft:tropical_fish":1,"friendsandfoes:totem_of_illusion":1,"minecraft:diamond_horse_armor":1,"minecraft:torch":32,"mowziesmobs:umvuthana_mask_bliss":1,"minecraft:mutton":5,"farmersdelight:cooked_mutton_chops":3,"alexsmobs:cooked_catfish":3,"farmersdelight:cooked_salmon_slice":8,"minecraft:iron_pickaxe":1,"twigs:twig":1,"minecraft:iron_nugget":2,"minecraft:cooked_chicken":1,"minecraft:cobbled_deepslate":6,"minecraft:iron_boots":1,"botania:lexicon":1,"apotheosis:gem":2,"sophisticatedbackpacks:copper_backpack":1,"crabbersdelight:crab":2},"minecraft:crafted":{"minecraft:wooden_sword":1,"minecraft:oak_planks":68,"minecraft:furnace":3,"minecraft:stone_pickaxe":1,"minecraft:chest":2,"alexsmobs:cooked_catfish":3,"minecraft:smoker":2,"minecraft:crafting_table":4,"farmersdelight:iron_knife":1,"minecraft:wooden_pickaxe":1,"minecraft:iron_sword":1,"minecraft:air":0,"crabbersdelight:cooked_tropical_fish":1,"farmersdelight:cutting_board":1,"minecraft:stick":66,"quark:oak_chest":2,"minecraft:iron_ingot":1,"minecraft:iron_pickaxe":1,"minecraft:wooden_axe":1,"minecraft:stone_sword":1,"minecraft:torch":64},"minecraft:custom":{"lootr:looted_stat":51,"minecraft:mob_kills":86,"minecraft:interact_with_crafting_table":18,"minecraft:damage_dealt_resisted":0,"minecraft:leave_game":6,"minecraft:time_since_death":17924,"minecraft:climb_one_cm":9998,"minecraft:damage_resisted":638,"minecraft:sprint_one_cm":548250,"minecraft:walk_one_cm":362097,"minecraft:drop":25,"minecraft:damage_dealt_absorbed":81,"minecraft:play_time":146824,"minecraft:deaths":14,"minecraft:sneak_time":12703,"minecraft:walk_under_water_one_cm":14019,"minecraft:jump":1735,"minecraft:interact_with_blast_furnace":3,"minecraft:walk_on_water_one_cm":21335,"minecraft:total_world_time":146824,"minecraft:interact_with_furnace":12,"minecraft:sleep_in_bed":3,"minecraft:time_since_rest":17971,"minecraft:waystone_activated":1,"minecraft:damage_taken":8801,"minecraft:damage_absorbed":302,"minecraft:damage_dealt":17559,"minecraft:fly_one_cm":430357,"minecraft:swim_one_cm":51366,"minecraft:open_chest":73,"minecraft:crouch_one_cm":43145,"minecraft:interact_with_smoker":7,"minecraft:fall_one_cm":56026},"minecraft:used":{"minecraft:moss_carpet":3,"minecraft:jack_o_lantern":4,"minecraft:chest":2,"minecraft:iron_sword":193,"crabbersdelight:crab":2,"minecraft:cooked_chicken":2,"minecraft:torch":42,"minecraft:white_carpet":8,"minecraft:wooden_axe":66,"friendsandfoes:totem_of_illusion":5,"minecraft:iron_axe":30,"farmersdelight:cooked_salmon_slice":8,"minecraft:totem_of_undying":1,"minecraft:stone_bricks":1,"delightful:green_tea_leaf":7,"minecraft:red_carpet":2,"minecraft:golden_sword":134,"farmersdelight:cutting_board":1,"farmersdelight:cooked_mutton_chops":3,"minecraft:egg":8,"minecraft:cooked_beef":6,"minecraft:acacia_planks":1,"minecraft:cobbled_deepslate":2,"minecraft:golden_axe":16,"minecraft:diorite":16,"minecraft:stripped_acacia_log":1,"minecraft:stone_pickaxe":73,"minecraft:oak_planks":9,"minecraft:wooden_pickaxe":21,"minecraft:cracked_stone_bricks":1,"minecraft:golden_apple":8,"minecraft:crafting_table":4,"minecraft:blast_furnace":1,"minecraft:smoker":2,"minecraft:oak_log":3,"sophisticatedbackpacks:backpack":3,"minecraft:apple":15,"crabbersdelight:cooked_tropical_fish_slice":2,"minecraft:bread":16,"minecraft:iron_pickaxe":280,"minecraft:cobblestone":21,"illagerinvasion:platinum_infused_hatchet":2,"forbidden_arcanus:splash_aureal_bottle":1,"minecraft:white_banner":1,"minecraft:cooked_porkchop":11},"minecraft:picked_up":{"minecraft:redstone_block":2,"minecraft:black_carpet":1,"minecraft:crafting_table":1,"minecraft:iron_chestplate":1,"illagerinvasion:platinum_chunk":1,"friendsandfoes:totem_of_illusion":4,"minecraft:gold_block":3,"minecraft:enchanted_book":3,"minecraft:diamond_horse_armor":1,"minecraft:stone_brick_stairs":1,"minecraft:moss_carpet":3,"forbidden_arcanus:xpetrified_orb":7,"minecraft:string":17,"minecraft:soul_soil":2,"minecraft:raw_copper":45,"minecraft:iron_axe":1,"minecraft:cooked_salmon":8,"minecraft:white_carpet":8,"illagerinvasion:platinum_infused_hatchet":1,"minecraft:cracked_stone_bricks":2,"minecraft:cobbled_deepslate":38,"minecraft:spruce_planks":3,"delightful:acorn":5,"minecraft:beef":21,"minecraft:iron_nugget":18,"minecraft:iron_pickaxe":3,"minecraft:spruce_slab":2,"delightful:green_tea_leaf":7,"minecraft:birch_sapling":1,"minecraft:iron_boots":1,"botania:lexicon":1,"minecraft:raw_iron":35,"apotheosis:gem":2,"forbidden_arcanus:aureal_bottle":2,"minecraft:oak_fence":1,"minecraft:torch":10,"minecraft:porkchop":7,"minecraft:diorite":17,"minecraft:arrow":18,"minecraft:rotten_flesh":20,"minecraft:tropical_fish":1,"forbidden_arcanus:splash_aureal_bottle":1,"minecraft:hay_block":13,"minecraft:totem_of_undying":2,"mowziesmobs:umvuthana_mask_bliss":1,"minecraft:saddle":1,"supplementaries:ash":17,"botania:green_mystical_flower":1,"minecraft:mutton":8,"minecraft:iron_bars":1,"minecraft:white_wool":5,"minecraft:cobblestone":115,"minecraft:leather_chestplate":1,"minecraft:feather":4,"minecraft:cooked_beef":6,"minecraft:iron_door":1,"minecraft:salmon":2,"minecraft:leather":18,"minecraft:potato":2,"minecraft:oak_log":62,"minecraft:gunpowder":7,"minecraft:cobblestone_stairs":2,"minecraft:lapis_lazuli":49,"minecraft:paper":10,"minecraft:dirt":39,"minecraft:white_banner":1,"minecraft:leather_boots":1,"minecraft:cooked_mutton":3,"minecraft:red_carpet":2,"minecraft:bone":11,"minecraft:gray_carpet":2,"minecraft:acacia_planks":1,"minecraft:apple":10,"crabbersdelight:cooked_tropical_fish_slice":2,"minecraft:stone_bricks":8,"minecraft:bow":1,"minecraft:wheat_seeds":1,"minecraft:cooked_chicken":2,"minecraft:mossy_stone_bricks":1,"minecraft:glass_bottle":8,"twigs:twig":30,"minecraft:oak_planks":1,"minecraft:iron_sword":1,"minecraft:book":12,"minecraft:chiseled_stone_bricks":4,"minecraft:cooked_porkchop":11,"minecraft:music_disc_13":1,"crabbersdelight:crab":4,"minecraft:sand":12,"minecraft:jungle_planks":1,"minecraft:blast_furnace":1,"illagerinvasion:illusionary_dust":1,"minecraft:spider_eye":1,"farmersdelight:cooked_mutton_chops":6,"forbidden_arcanus:arcane_crystal":2,"minecraft:stripped_acacia_log":1,"minecraft:crossbow":1,"minecraft:granite":3,"minecraft:bone_meal":9,"minecraft:gray_wool":1,"minecraft:bread":11,"minecraft:emerald":50,"minecraft:jack_o_lantern":4,"minecraft:oak_sapling":39,"farmersdelight:cooked_salmon_slice":16,"minecraft:netherrack":1,"minecraft:coal":63},"minecraft:killed":{"illagerinvasion:archivist":5,"minecraft:evoker":2,"minecraft:spider":1,"minecraft:vindicator":12,"illagerinvasion:marauder":3,"illagerinvasion:basher":2,"minecraft:skeleton":4,"minecraft:chicken":1,"illagerinvasion:provoker":3,"minecraft:illusioner":3,"crabbersdelight:crab":2,"minecraft:tropical_fish":1,"illagerinvasion:necromancer":1,"minecraft:pig":4,"minecraft:zombie_villager":1,"minecraft:salmon":4,"illagerinvasion:alchemist":3,"minecraft:sheep":6,"alexsmobs:catfish":1,"minecraft:pillager":2,"minecraft:zombie":15,"minecraft:cow":8},"minecraft:killed_by":{"minecraft:pillager":1,"minecraft:vindicator":6,"minecraft:skeleton":6,"minecraft:zombie":1},"minecraft:broken":{"minecraft:golden_axe":1,"minecraft:leather_boots":1,"minecraft:wooden_axe":1}},"DataVersion":3465}