{"stats":{"minecraft:crafted":{"minecraft:wooden_sword":1,"minecraft:oak_planks":64,"minecraft:furnace":2,"minecraft:stone_pickaxe":1,"alexsmobs:cooked_catfish":3,"minecraft:smoker":2,"minecraft:crafting_table":3,"farmersdelight:iron_knife":1,"minecraft:wooden_pickaxe":1,"minecraft:iron_sword":1,"minecraft:air":0,"crabbersdelight:cooked_tropical_fish":1,"farmersdelight:cutting_board":1,"minecraft:stick":66,"minecraft:iron_ingot":1,"minecraft:wooden_axe":1,"minecraft:stone_sword":1,"minecraft:torch":64},"minecraft:broken":{"minecraft:golden_axe":1,"minecraft:wooden_axe":1},"minecraft:killed_by":{"minecraft:pillager":1,"minecraft:vindicator":4,"minecraft:skeleton":6,"minecraft:zombie":1},"minecraft:custom":{"lootr:looted_stat":37,"minecraft:mob_kills":27,"minecraft:interact_with_crafting_table":13,"minecraft:damage_dealt_resisted":0,"minecraft:leave_game":1,"minecraft:time_since_death":10249,"minecraft:climb_one_cm":3633,"minecraft:damage_resisted":116,"minecraft:sprint_one_cm":207968,"minecraft:walk_one_cm":158117,"minecraft:drop":20,"minecraft:damage_dealt_absorbed":81,"minecraft:play_time":84451,"minecraft:deaths":12,"minecraft:sneak_time":10679,"minecraft:walk_under_water_one_cm":13993,"minecraft:jump":923,"minecraft:interact_with_blast_furnace":2,"minecraft:walk_on_water_one_cm":18707,"minecraft:total_world_time":84451,"minecraft:interact_with_furnace":8,"minecraft:sleep_in_bed":1,"minecraft:time_since_rest":10284,"minecraft:waystone_activated":1,"minecraft:damage_taken":4817,"minecraft:damage_absorbed":80,"minecraft:damage_dealt":6404,"minecraft:fly_one_cm":215036,"minecraft:swim_one_cm":48162,"minecraft:crouch_one_cm":30557,"minecraft:interact_with_smoker":5,"minecraft:fall_one_cm":25543},"minecraft:picked_up":{"minecraft:crafting_table":1,"minecraft:iron_chestplate":1,"illagerinvasion:platinum_chunk":1,"friendsandfoes:totem_of_illusion":4,"minecraft:gold_block":3,"minecraft:diamond_horse_armor":1,"minecraft:stone_brick_stairs":1,"forbidden_arcanus:xpetrified_orb":4,"minecraft:string":17,"minecraft:raw_copper":45,"minecraft:cooked_salmon":8,"minecraft:cracked_stone_bricks":1,"minecraft:cobbled_deepslate":31,"minecraft:spruce_planks":3,"delightful:acorn":5,"minecraft:iron_pickaxe":2,"minecraft:spruce_slab":2,"delightful:green_tea_leaf":7,"minecraft:raw_iron":35,"botania:lexicon":1,"forbidden_arcanus:aureal_bottle":2,"minecraft:oak_fence":1,"minecraft:torch":7,"minecraft:diorite":17,"minecraft:arrow":5,"minecraft:rotten_flesh":6,"minecraft:tropical_fish":1,"forbidden_arcanus:splash_aureal_bottle":1,"mowziesmobs:umvuthana_mask_bliss":1,"minecraft:saddle":1,"supplementaries:ash":1,"minecraft:mutton":5,"minecraft:iron_bars":1,"minecraft:cobblestone":99,"minecraft:white_wool":4,"minecraft:leather_chestplate":1,"minecraft:feather":2,"minecraft:iron_door":1,"minecraft:salmon":2,"minecraft:potato":1,"minecraft:oak_log":62,"minecraft:lapis_lazuli":36,"minecraft:dirt":39,"minecraft:white_banner":1,"minecraft:cooked_mutton":3,"minecraft:leather_boots":1,"minecraft:bone":3,"minecraft:apple":10,"crabbersdelight:cooked_tropical_fish_slice":2,"minecraft:stone_bricks":6,"minecraft:mossy_stone_bricks":1,"minecraft:oak_planks":1,"twigs:twig":30,"minecraft:iron_sword":1,"minecraft:cooked_porkchop":1,"minecraft:music_disc_13":1,"crabbersdelight:crab":4,"minecraft:jungle_planks":1,"minecraft:sand":12,"illagerinvasion:illusionary_dust":1,"farmersdelight:cooked_mutton_chops":6,"forbidden_arcanus:arcane_crystal":2,"minecraft:crossbow":1,"minecraft:granite":3,"minecraft:bone_meal":9,"minecraft:emerald":8,"minecraft:bread":11,"minecraft:oak_sapling":39,"farmersdelight:cooked_salmon_slice":16,"minecraft:netherrack":1,"minecraft:coal":58},"minecraft:killed":{"minecraft:vindicator":1,"minecraft:skeleton":1,"minecraft:illusioner":3,"crabbersdelight:crab":2,"minecraft:tropical_fish":1,"minecraft:salmon":4,"minecraft:sheep":4,"alexsmobs:catfish":1,"minecraft:pillager":2,"minecraft:zombie":8},"minecraft:mined":{"minecraft:spruce_planks":3,"minecraft:sculk_vein":2,"minecraft:granite":3,"minecraft:grass_block":7,"minecraft:jungle_planks":1,"forbidden_arcanus:deepslate_arcane_crystal_ore":2,"minecraft:iron_ore":14,"minecraft:deepslate_lapis_ore":6,"minecraft:gold_block":3,"minecraft:deepslate_iron_ore":22,"minecraft:iron_bars":1,"minecraft:stone":95,"minecraft:spruce_slab":2,"minecraft:tripwire":3,"minecraft:crafting_table":1,"minecraft:torch":1,"minecraft:copper_ore":10,"minecraft:oak_planks":1,"minecraft:diorite":17,"minecraft:iron_door":1,"minecraft:wall_torch":2,"forbidden_arcanus:xpetrified_ore":4,"minecraft:stone_brick_stairs":1,"minecraft:grass":4,"minecraft:coal_ore":58,"minecraft:oak_log":65,"minecraft:sand":12,"minecraft:dirt":28,"minecraft:cobweb":19,"minecraft:cracked_stone_bricks":2,"minecraft:stone_bricks":6,"minecraft:netherrack":2,"minecraft:mossy_stone_bricks":2,"minecraft:oak_leaves":2,"minecraft:deepslate":34},"minecraft:dropped":{"minecraft:enchanted_book":1,"minecraft:iron_sword":1,"minecraft:crossbow":1,"minecraft:tropical_fish":1,"friendsandfoes:totem_of_illusion":1,"minecraft:diamond_horse_armor":1,"minecraft:torch":32,"mowziesmobs:umvuthana_mask_bliss":1,"minecraft:mutton":5,"alexsmobs:cooked_catfish":3,"farmersdelight:cooked_mutton_chops":3,"farmersdelight:cooked_salmon_slice":8,"twigs:twig":1,"minecraft:cooked_chicken":1,"minecraft:iron_boots":1,"botania:lexicon":1,"apotheosis:gem":1,"sophisticatedbackpacks:copper_backpack":1,"crabbersdelight:crab":2},"minecraft:used":{"minecraft:iron_sword":157,"crabbersdelight:crab":2,"minecraft:torch":26,"minecraft:wooden_axe":66,"friendsandfoes:totem_of_illusion":2,"minecraft:iron_axe":1,"farmersdelight:cooked_salmon_slice":8,"minecraft:stone_bricks":1,"delightful:green_tea_leaf":7,"farmersdelight:cutting_board":1,"minecraft:egg":8,"minecraft:cobbled_deepslate":2,"minecraft:golden_axe":16,"minecraft:diorite":16,"minecraft:stone_pickaxe":73,"minecraft:oak_planks":9,"minecraft:wooden_pickaxe":21,"minecraft:golden_apple":3,"minecraft:crafting_table":3,"minecraft:smoker":2,"minecraft:oak_log":3,"sophisticatedbackpacks:backpack":3,"minecraft:apple":10,"crabbersdelight:cooked_tropical_fish_slice":2,"minecraft:bread":5,"minecraft:iron_pickaxe":198,"minecraft:cobblestone":21,"forbidden_arcanus:splash_aureal_bottle":1,"minecraft:white_banner":1,"minecraft:cooked_porkchop":1}},"DataVersion":3465}