{"stats":{"minecraft:killed":{"minecraft:skeleton":2,"minecraft:bee":1},"minecraft:picked_up":{"minecraft:item_frame":1,"minecraft:flower_pot":3,"minecraft:black_banner":1,"minecraft:lily_of_the_valley":2,"minecraft:trapped_chest":1},"minecraft:custom":{"minecraft:time_since_rest":24561,"minecraft:crouch_one_cm":638,"minecraft:play_time":24561,"lootr:looted_stat":5,"minecraft:sprint_one_cm":23422,"minecraft:walk_one_cm":12004,"minecraft:sneak_time":289,"minecraft:walk_under_water_one_cm":4438,"minecraft:mob_kills":3,"minecraft:boat_one_cm":87756,"minecraft:jump":161,"minecraft:leave_game":3,"minecraft:walk_on_water_one_cm":6113,"minecraft:time_since_death":24561,"minecraft:total_world_time":24561,"minecraft:swim_one_cm":1220,"minecraft:talked_to_villager":1,"minecraft:fall_one_cm":836,"minecraft:fly_one_cm":340934},"minecraft:used":{"minecraft:soul_sand":27,"minecraft:bow":19,"minecraft:wither_skeleton_skull":3,"minecraft:black_banner":20,"minecraft:oak_boat":2}},"DataVersion":3465}