{"stats":{"minecraft:mined":{"minecraft:spruce_planks":3,"minecraft:sculk_vein":31,"minecraft:cobblestone_stairs":3,"minecraft:granite":5,"minecraft:grass_block":7,"minecraft:spawner":12,"minecraft:chiseled_stone_bricks":4,"minecraft:mossy_cobblestone_stairs":1,"minecraft:iron_ore":21,"minecraft:fire":5,"minecraft:moss_carpet":3,"minecraft:black_carpet":2,"minecraft:deepslate_lapis_ore":8,"minecraft:iron_bars":1,"minecraft:spruce_slab":2,"minecraft:tripwire":3,"botania:green_mystical_flower":1,"minecraft:cyan_terracotta":2,"minecraft:torch":2,"minecraft:blast_furnace":1,"minecraft:polished_andesite_stairs":2,"minecraft:cobblestone":5,"minecraft:oak_planks":1,"minecraft:iron_door":1,"minecraft:wall_torch":6,"minecraft:stone_brick_stairs":1,"minecraft:smooth_stone_slab":5,"minecraft:grass":26,"minecraft:oak_log":65,"minecraft:sand":12,"minecraft:dirt":28,"minecraft:netherrack":2,"minecraft:oak_leaves":2,"minecraft:deepslate":45,"minecraft:red_carpet":6,"minecraft:mossy_cobblestone":2,"minecraft:deepslate_diamond_ore":1,"minecraft:jack_o_lantern":4,"minecraft:glow_lichen":1,"minecraft:jungle_planks":1,"minecraft:soul_campfire":2,"minecraft:hay_block":14,"forbidden_arcanus:deepslate_arcane_crystal_ore":2,"minecraft:andesite":2,"minecraft:gold_block":3,"minecraft:bookshelf":1,"minecraft:deepslate_iron_ore":22,"minecraft:stripped_acacia_log":1,"minecraft:stone":111,"minecraft:redstone_block":2,"minecraft:crafting_table":2,"minecraft:copper_ore":10,"minecraft:sculk":15,"minecraft:diorite":17,"minecraft:coarse_dirt":1,"forbidden_arcanus:xpetrified_ore":4,"minecraft:white_carpet":8,"globalxp:xp_block":5,"minecraft:birch_leaves":21,"minecraft:coal_ore":62,"minecraft:zombie_head":1,"minecraft:gravel":1,"minecraft:gray_carpet":2,"minecraft:cobweb":19,"minecraft:cracked_stone_bricks":3,"minecraft:acacia_planks":1,"minecraft:stone_bricks":17,"minecraft:mossy_stone_bricks":2,"minecraft:chipped_anvil":1},"minecraft:dropped":{"minecraft:iron_sword":1,"minecraft:crossbow":1,"friendsandfoes:totem_of_illusion":1,"minecraft:emerald":72,"mowziesmobs:umvuthana_mask_bliss":1,"minecraft:mutton":5,"alexsmobs:cooked_catfish":3,"farmersdelight:cooked_mutton_chops":3,"farmersdelight:cooked_salmon_slice":8,"minecraft:iron_pickaxe":1,"twigs:twig":1,"minecraft:gold_ingot":5,"minecraft:goat_horn":2,"minecraft:iron_nugget":2,"minecraft:cooked_chicken":1,"minecraft:cobbled_deepslate":6,"sophisticatedbackpacks:diamond_backpack":1,"minecraft:turtle_helmet":1,"minecraft:gunpowder":27,"apotheosis:gem":2,"globalxp:xp_block":1,"crabbersdelight:crab":2,"minecraft:enchanted_book":1,"minecraft:iron_ingot":23,"forbidden_arcanus:xpetrified_orb":3,"minecraft:tropical_fish":1,"minecraft:coal":24,"minecraft:diamond_horse_armor":1,"minecraft:torch":32,"minecraft:zombie_head":1,"minecraft:iron_leggings":1,"minecraft:mossy_cobblestone_stairs":1,"minecraft:redstone_block":2,"minecraft:iron_boots":1,"minecraft:diamond_sword":1,"botania:lexicon":1,"aether:iron_gloves":1,"minecraft:diamond_pickaxe":1,"minecraft:andesite":2,"minecraft:golden_sword":1,"sophisticatedbackpacks:copper_backpack":1,"minecraft:bow":1},"minecraft:crafted":{"minecraft:oak_planks":108,"globalxp:xp_block":2,"minecraft:iron_bars":16,"minecraft:iron_boots":1,"minecraft:chest":4,"alexsmobs:cooked_catfish":3,"minecraft:smoker":3,"sophisticatedbackpacks:backpack":1,"minecraft:cooked_porkchop":7,"minecraft:crafting_table":6,"farmersdelight:iron_knife":1,"minecraft:wooden_pickaxe":1,"farmersdelight:cutting_board":1,"minecraft:diamond_pickaxe":1,"sophisticatedbackpacks:diamond_backpack":1,"minecraft:stick":86,"quark:oak_chest":5,"minecraft:iron_pickaxe":1,"minecraft:iron_ingot":13,"minecraft:stone_sword":1,"minecraft:wooden_sword":1,"minecraft:furnace":3,"minecraft:stone_pickaxe":1,"sophisticatedbackpacks:iron_backpack":1,"minecraft:cooked_beef":21,"minecraft:iron_sword":1,"sophisticatedbackpacks:gold_backpack":1,"minecraft:air":0,"crabbersdelight:cooked_tropical_fish":1,"minecraft:wooden_axe":1,"minecraft:torch":80},"minecraft:custom":{"lootr:looted_stat":84,"minecraft:interact_with_crafting_table":32,"goblintraders:trade_with_goblin":6,"minecraft:leave_game":6,"minecraft:time_since_death":19272,"minecraft:damage_resisted":1154,"minecraft:sprint_one_cm":854799,"minecraft:drop":46,"minecraft:play_time":218824,"minecraft:deaths":15,"minecraft:jump":2063,"minecraft:walk_on_water_one_cm":21873,"minecraft:interact_with_furnace":12,"minecraft:sleep_in_bed":4,"minecraft:waystone_activated":1,"minecraft:damage_dealt":38423,"minecraft:player_kills":1,"minecraft:crouch_one_cm":48474,"minecraft:interact_with_smoker":15,"minecraft:interact_with_anvil":14,"minecraft:mob_kills":197,"minecraft:damage_dealt_resisted":0,"minecraft:climb_one_cm":10534,"minecraft:walk_one_cm":585593,"minecraft:damage_dealt_absorbed":81,"minecraft:sneak_time":14002,"minecraft:walk_under_water_one_cm":14019,"minecraft:interact_with_blast_furnace":3,"minecraft:total_world_time":218824,"minecraft:time_since_rest":3486,"minecraft:damage_taken":12154,"minecraft:damage_absorbed":342,"minecraft:swim_one_cm":51366,"minecraft:fly_one_cm":500780,"minecraft:open_chest":159,"minecraft:fall_one_cm":61007},"minecraft:used":{"minecraft:moss_carpet":3,"minecraft:jack_o_lantern":4,"minecraft:chest":4,"minecraft:iron_sword":193,"minecraft:carrot":15,"friendsandfoes:totem_of_illusion":5,"minecraft:polished_andesite_stairs":2,"minecraft:stone_bricks":1,"delightful:green_tea_leaf":7,"minecraft:golden_sword":334,"minecraft:red_carpet":2,"farmersdelight:cutting_board":1,"minecraft:bow":1,"minecraft:egg":8,"minecraft:diorite":16,"minecraft:stripped_acacia_log":1,"minecraft:stone_pickaxe":73,"minecraft:oak_planks":9,"minecraft:wooden_pickaxe":21,"minecraft:diamond_axe":6,"minecraft:golden_apple":9,"minecraft:blast_furnace":1,"sophisticatedbackpacks:backpack":3,"minecraft:bread":16,"minecraft:diamond_sword":55,"globalxp:xp_block":5,"forbidden_arcanus:splash_aureal_bottle":1,"minecraft:experience_bottle":1,"crabbersdelight:crab":2,"minecraft:cooked_chicken":2,"minecraft:torch":87,"minecraft:anvil":1,"minecraft:white_carpet":8,"minecraft:wooden_axe":66,"minecraft:chipped_anvil":1,"minecraft:iron_axe":32,"farmersdelight:cooked_salmon_slice":8,"minecraft:totem_of_undying":2,"minecraft:goat_horn":3,"farmersdelight:cooked_mutton_chops":3,"minecraft:cooked_beef":27,"minecraft:cobbled_deepslate":2,"minecraft:acacia_planks":1,"minecraft:golden_axe":16,"minecraft:baked_potato":1,"minecraft:cracked_stone_bricks":1,"minecraft:crafting_table":6,"minecraft:smoker":3,"minecraft:oak_log":3,"minecraft:diamond_pickaxe":3,"minecraft:apple":21,"crabbersdelight:cooked_tropical_fish_slice":2,"minecraft:iron_pickaxe":356,"minecraft:cobblestone":21,"illagerinvasion:platinum_infused_hatchet":3,"minecraft:white_banner":1,"minecraft:cooked_porkchop":11},"minecraft:picked_up":{"minecraft:iron_chestplate":1,"minecraft:black_carpet":1,"illagerinvasion:platinum_chunk":1,"minecraft:redstone_block":2,"minecraft:anvil":1,"aether:iron_gloves":1,"minecraft:enchanted_book":3,"minecraft:stone_brick_stairs":1,"minecraft:golden_sword":1,"forbidden_arcanus:xpetrified_orb":7,"minecraft:string":17,"minecraft:raw_copper":45,"minecraft:soul_soil":2,"minecraft:cooked_salmon":8,"minecraft:smooth_stone_slab":4,"minecraft:iron_leggings":1,"minecraft:zombie_head":2,"illagerinvasion:platinum_infused_hatchet":1,"minecraft:cobbled_deepslate":48,"delightful:acorn":5,"minecraft:spruce_planks":3,"twigs:pebble":2,"minecraft:iron_pickaxe":3,"delightful:green_tea_leaf":7,"minecraft:iron_boots":1,"minecraft:golden_helmet":1,"botania:lexicon":1,"apotheosis:gem":8,"forbidden_arcanus:aureal_bottle":2,"minecraft:oak_fence":1,"minecraft:torch":15,"minecraft:porkchop":7,"minecraft:diorite":17,"minecraft:goat_horn":1,"minecraft:rotten_flesh":158,"minecraft:tropical_fish":1,"forbidden_arcanus:splash_aureal_bottle":1,"minecraft:cyan_terracotta":2,"supplementaries:ash":41,"minecraft:iron_bars":1,"minecraft:cobblestone":116,"minecraft:cooked_beef":6,"minecraft:leather_chestplate":1,"minecraft:feather":4,"minecraft:iron_door":1,"minecraft:andesite":2,"minecraft:potato":2,"minecraft:lapis_lazuli":49,"minecraft:dirt":39,"minecraft:leather_boots":1,"minecraft:bone":20,"minecraft:chipped_anvil":1,"minecraft:acacia_planks":1,"minecraft:bow":3,"minecraft:wheat_seeds":1,"minecraft:mossy_stone_bricks":1,"twigs:twig":30,"minecraft:oak_planks":1,"minecraft:cooked_porkchop":11,"minecraft:music_disc_13":1,"crabbersdelight:crab":4,"minecraft:jungle_planks":1,"minecraft:sand":12,"farmersdelight:cooked_mutton_chops":6,"minecraft:stripped_acacia_log":1,"minecraft:polished_andesite":1,"minecraft:diamond":1,"minecraft:crossbow":1,"minecraft:granite":5,"minecraft:bone_meal":9,"minecraft:emerald":76,"minecraft:bread":11,"minecraft:chainmail_helmet":1,"minecraft:jack_o_lantern":4,"minecraft:oak_sapling":39,"minecraft:netherrack":1,"minecraft:diamond_pickaxe":1,"minecraft:crafting_table":2,"minecraft:turtle_helmet":1,"friendsandfoes:totem_of_illusion":4,"minecraft:gold_block":3,"minecraft:diamond_horse_armor":1,"minecraft:moss_carpet":3,"minecraft:iron_axe":2,"minecraft:white_carpet":8,"minecraft:cracked_stone_bricks":2,"minecraft:beef":21,"minecraft:iron_nugget":34,"minecraft:spruce_slab":2,"minecraft:birch_sapling":1,"globalxp:xp_block":5,"minecraft:raw_iron":41,"minecraft:redstone":14,"minecraft:arrow":32,"minecraft:hay_block":13,"mowziesmobs:umvuthana_mask_bliss":1,"minecraft:saddle":1,"minecraft:totem_of_undying":2,"botania:green_mystical_flower":1,"minecraft:mutton":8,"forbidden_arcanus:spawner_scrap":13,"minecraft:white_wool":5,"minecraft:salmon":2,"minecraft:leather":18,"minecraft:oak_log":62,"minecraft:gunpowder":14,"minecraft:cobblestone_stairs":2,"minecraft:paper":20,"minecraft:white_banner":1,"minecraft:cooked_mutton":3,"minecraft:red_carpet":2,"minecraft:stone_bricks":16,"crabbersdelight:cooked_tropical_fish_slice":2,"minecraft:apple":10,"minecraft:gray_carpet":2,"minecraft:iron_ingot":18,"minecraft:cooked_chicken":2,"minecraft:glass_bottle":16,"minecraft:iron_sword":1,"sophisticatedbackpacks:diamond_backpack":1,"minecraft:book":19,"minecraft:polished_andesite_stairs":2,"minecraft:chiseled_stone_bricks":4,"minecraft:blast_furnace":1,"illagerinvasion:illusionary_dust":1,"minecraft:spider_eye":1,"forbidden_arcanus:arcane_crystal":2,"minecraft:gray_wool":1,"minecraft:mossy_cobblestone_stairs":2,"minecraft:baked_potato":3,"farmersdelight:cooked_salmon_slice":16,"minecraft:coal":95},"minecraft:killed":{"illagerinvasion:archivist":8,"minecraft:spider":1,"illagerinvasion:basher":5,"minecraft:skeleton":9,"minecraft:chicken":1,"illagerinvasion:provoker":6,"minecraft:illusioner":3,"crabbersdelight:crab":2,"minecraft:tropical_fish":1,"illagerinvasion:necromancer":2,"minecraft:pig":4,"minecraft:zombie_villager":1,"minecraft:salmon":4,"illagerinvasion:alchemist":6,"minecraft:sheep":6,"minecraft:pillager":2,"minecraft:zombie":96,"minecraft:cow":8,"minecraft:evoker":2,"minecraft:vindicator":17,"illagerinvasion:marauder":6,"alexsmobs:catfish":1,"alexsmobs:cockroach":1},"minecraft:killed_by":{"minecraft:pillager":1,"minecraft:vindicator":6,"minecraft:zombie":2,"minecraft:skeleton":6},"minecraft:broken":{"minecraft:iron_boots":1,"minecraft:wooden_axe":1,"minecraft:golden_axe":1,"minecraft:leather_boots":1,"minecraft:turtle_helmet":1}},"DataVersion":3465}