{"stats":{"minecraft:crafted":{"minecraft:wooden_sword":1,"minecraft:oak_planks":16,"minecraft:crafting_table":2,"minecraft:stick":62,"minecraft:wooden_pickaxe":1,"minecraft:stone_pickaxe":1,"minecraft:wooden_axe":1,"minecraft:stone_sword":1,"minecraft:torch":64},"minecraft:broken":{"minecraft:wooden_axe":1},"minecraft:killed_by":{"minecraft:skeleton":3},"minecraft:custom":{"minecraft:interact_with_furnace":3,"minecraft:time_since_rest":2622,"minecraft:waystone_activated":1,"minecraft:sprint_one_cm":68347,"lootr:looted_stat":2,"minecraft:damage_taken":1008,"minecraft:walk_one_cm":29115,"minecraft:drop":5,"minecraft:damage_dealt":15,"minecraft:swim_one_cm":7054,"minecraft:interact_with_crafting_table":6,"minecraft:fly_one_cm":105991,"minecraft:crouch_one_cm":13129,"minecraft:play_time":24451,"minecraft:deaths":3,"minecraft:sneak_time":4520,"minecraft:walk_under_water_one_cm":26,"minecraft:jump":427,"minecraft:leave_game":1,"minecraft:time_since_death":2584,"minecraft:walk_on_water_one_cm":2979,"minecraft:sleep_in_bed":1,"minecraft:total_world_time":24451,"minecraft:climb_one_cm":36,"minecraft:fall_one_cm":10691},"minecraft:picked_up":{"minecraft:raw_iron":5,"minecraft:crafting_table":1,"minecraft:feather":2,"minecraft:oak_fence":1,"minecraft:oak_log":62,"minecraft:dirt":19,"minecraft:raw_copper":45,"minecraft:apple":10,"minecraft:spruce_planks":3,"delightful:acorn":5,"minecraft:granite":3,"mowziesmobs:umvuthana_mask_bliss":1,"minecraft:iron_pickaxe":1,"minecraft:spruce_slab":2,"minecraft:oak_sapling":39,"twigs:twig":30,"delightful:green_tea_leaf":7,"minecraft:iron_sword":1,"minecraft:coal":46,"minecraft:cobblestone":71},"minecraft:mined":{"minecraft:spruce_planks":3,"minecraft:iron_ore":5,"minecraft:crafting_table":1,"minecraft:granite":3,"minecraft:grass":3,"minecraft:coal_ore":46,"minecraft:oak_log":65,"minecraft:dirt":8,"minecraft:copper_ore":10,"minecraft:stone":67,"minecraft:spruce_slab":2},"minecraft:dropped":{"minecraft:enchanted_book":1,"minecraft:cooked_chicken":1,"minecraft:torch":32,"mowziesmobs:umvuthana_mask_bliss":1,"twigs:twig":1},"minecraft:used":{"minecraft:wooden_axe":66,"minecraft:apple":6,"minecraft:stone_pickaxe":73,"minecraft:iron_pickaxe":40,"minecraft:wooden_pickaxe":21,"minecraft:torch":3,"minecraft:cobblestone":13,"minecraft:crafting_table":2,"minecraft:egg":8}},"DataVersion":3465}