{"stats":{"minecraft:used":{"minecraft:black_banner":20,"minecraft:oak_boat":1,"minecraft:soul_sand":4,"minecraft:wither_skeleton_skull":3},"minecraft:custom":{"minecraft:jump":128,"minecraft:time_since_rest":11025,"minecraft:leave_game":1,"minecraft:sprint_one_cm":17549,"minecraft:play_time":11025,"minecraft:walk_on_water_one_cm":5743,"minecraft:time_since_death":11025,"minecraft:walk_one_cm":3760,"minecraft:sneak_time":42,"minecraft:total_world_time":11025,"minecraft:walk_under_water_one_cm":2696,"minecraft:boat_one_cm":64757,"minecraft:fall_one_cm":836,"minecraft:fly_one_cm":167795},"minecraft:picked_up":{"minecraft:item_frame":1,"minecraft:black_banner":1}},"DataVersion":3465}