{"stats":{"minecraft:crafted":{"minecraft:wooden_sword":1,"minecraft:oak_planks":16,"minecraft:crafting_table":2,"minecraft:stick":62,"minecraft:wooden_axe":1},"minecraft:broken":{"minecraft:wooden_axe":1},"minecraft:killed_by":{"minecraft:skeleton":2},"minecraft:custom":{"minecraft:time_since_rest":2962,"minecraft:waystone_activated":1,"minecraft:sprint_one_cm":48487,"lootr:looted_stat":2,"minecraft:damage_taken":660,"minecraft:walk_one_cm":17646,"minecraft:drop":3,"minecraft:damage_dealt":15,"minecraft:interact_with_crafting_table":2,"minecraft:fly_one_cm":86635,"minecraft:crouch_one_cm":3249,"minecraft:play_time":12451,"minecraft:deaths":2,"minecraft:sneak_time":920,"minecraft:jump":291,"minecraft:leave_game":1,"minecraft:time_since_death":2937,"minecraft:walk_on_water_one_cm":2321,"minecraft:sleep_in_bed":1,"minecraft:total_world_time":12451,"minecraft:climb_one_cm":36,"minecraft:fall_one_cm":8564},"minecraft:picked_up":{"minecraft:crafting_table":1,"minecraft:feather":2,"minecraft:oak_fence":1,"minecraft:oak_log":62,"minecraft:dirt":16,"minecraft:apple":10,"minecraft:spruce_planks":3,"delightful:acorn":5,"mowziesmobs:umvuthana_mask_bliss":1,"minecraft:spruce_slab":1,"minecraft:oak_sapling":39,"twigs:twig":30,"delightful:green_tea_leaf":7},"minecraft:mined":{"minecraft:spruce_planks":3,"minecraft:crafting_table":1,"minecraft:grass":3,"minecraft:oak_log":65,"minecraft:dirt":5,"minecraft:spruce_slab":1},"minecraft:dropped":{"minecraft:enchanted_book":1,"mowziesmobs:umvuthana_mask_bliss":1,"twigs:twig":1},"minecraft:used":{"minecraft:wooden_axe":66,"minecraft:apple":3,"minecraft:crafting_table":2}},"DataVersion":3465}