{"stats":{"minecraft:crafted":{"minecraft:wooden_sword":1,"minecraft:oak_planks":28,"minecraft:crafting_table":3,"farmersdelight:iron_knife":1,"minecraft:wooden_pickaxe":1,"minecraft:iron_sword":1,"minecraft:furnace":2,"minecraft:air":0,"crabbersdelight:cooked_tropical_fish":1,"farmersdelight:cutting_board":1,"minecraft:stick":66,"minecraft:iron_ingot":1,"minecraft:stone_pickaxe":1,"minecraft:wooden_axe":1,"minecraft:stone_sword":1,"alexsmobs:cooked_catfish":3,"minecraft:torch":64,"minecraft:smoker":2},"minecraft:broken":{"minecraft:golden_axe":1,"minecraft:wooden_axe":1},"minecraft:killed_by":{"minecraft:vindicator":4,"minecraft:skeleton":6,"minecraft:zombie":1},"minecraft:custom":{"lootr:looted_stat":11,"minecraft:interact_with_furnace":8,"minecraft:mob_kills":19,"minecraft:interact_with_crafting_table":13,"minecraft:damage_dealt_resisted":0,"minecraft:leave_game":1,"minecraft:time_since_death":7815,"minecraft:sleep_in_bed":1,"minecraft:climb_one_cm":561,"minecraft:time_since_rest":7839,"minecraft:waystone_activated":1,"minecraft:sprint_one_cm":126408,"minecraft:damage_taken":3746,"minecraft:walk_one_cm":94398,"minecraft:drop":18,"minecraft:damage_dealt":4017,"minecraft:swim_one_cm":48162,"minecraft:fly_one_cm":178856,"minecraft:crouch_one_cm":24466,"minecraft:play_time":60451,"minecraft:deaths":11,"minecraft:sneak_time":9304,"minecraft:walk_under_water_one_cm":13993,"minecraft:jump":775,"minecraft:walk_on_water_one_cm":18707,"minecraft:interact_with_smoker":5,"minecraft:total_world_time":60451,"minecraft:fall_one_cm":21585},"minecraft:picked_up":{"minecraft:iron_chestplate":1,"minecraft:leather_chestplate":1,"minecraft:crafting_table":1,"minecraft:feather":2,"minecraft:iron_door":1,"minecraft:salmon":2,"minecraft:gold_block":2,"minecraft:diamond_horse_armor":1,"minecraft:stone_brick_stairs":1,"minecraft:oak_log":62,"minecraft:string":13,"forbidden_arcanus:xpetrified_orb":3,"minecraft:dirt":39,"minecraft:raw_copper":45,"minecraft:cooked_salmon":8,"minecraft:leather_boots":1,"minecraft:cooked_mutton":3,"minecraft:bone":3,"crabbersdelight:cooked_tropical_fish_slice":2,"minecraft:apple":10,"minecraft:stone_bricks":3,"minecraft:cobbled_deepslate":24,"delightful:acorn":5,"minecraft:spruce_planks":3,"minecraft:mossy_stone_bricks":1,"minecraft:iron_pickaxe":1,"minecraft:spruce_slab":2,"twigs:twig":30,"delightful:green_tea_leaf":7,"minecraft:iron_sword":1,"botania:lexicon":1,"minecraft:raw_iron":22,"minecraft:cooked_porkchop":1,"minecraft:music_disc_13":1,"forbidden_arcanus:aureal_bottle":2,"minecraft:oak_fence":1,"crabbersdelight:crab":4,"minecraft:torch":6,"minecraft:sand":12,"minecraft:jungle_planks":1,"minecraft:diorite":17,"farmersdelight:cooked_mutton_chops":6,"forbidden_arcanus:arcane_crystal":2,"minecraft:rotten_flesh":5,"minecraft:tropical_fish":1,"forbidden_arcanus:splash_aureal_bottle":1,"minecraft:saddle":1,"supplementaries:ash":1,"minecraft:crossbow":1,"minecraft:granite":3,"minecraft:iron_bars":1,"minecraft:bone_meal":9,"minecraft:bread":11,"mowziesmobs:umvuthana_mask_bliss":1,"farmersdelight:cooked_salmon_slice":16,"minecraft:mutton":5,"minecraft:oak_sapling":39,"minecraft:netherrack":1,"minecraft:coal":58,"minecraft:white_wool":4,"minecraft:cobblestone":99},"minecraft:killed":{"minecraft:salmon":4,"minecraft:vindicator":1,"minecraft:skeleton":1,"minecraft:sheep":4,"alexsmobs:catfish":1,"minecraft:zombie":5,"crabbersdelight:crab":2,"minecraft:tropical_fish":1},"minecraft:mined":{"minecraft:spruce_planks":3,"minecraft:crafting_table":1,"minecraft:torch":1,"minecraft:granite":3,"minecraft:grass_block":7,"minecraft:jungle_planks":1,"minecraft:copper_ore":10,"minecraft:diorite":17,"minecraft:iron_door":1,"minecraft:wall_torch":1,"forbidden_arcanus:deepslate_arcane_crystal_ore":2,"forbidden_arcanus:xpetrified_ore":3,"minecraft:iron_ore":14,"minecraft:stone_brick_stairs":1,"minecraft:gold_block":2,"minecraft:tripwire":3,"minecraft:deepslate_iron_ore":9,"minecraft:grass":4,"minecraft:oak_log":65,"minecraft:coal_ore":58,"minecraft:iron_bars":1,"minecraft:sand":12,"minecraft:dirt":28,"minecraft:stone_bricks":3,"minecraft:cobweb":10,"minecraft:mossy_stone_bricks":1,"minecraft:deepslate":27,"minecraft:stone":95,"minecraft:netherrack":2,"minecraft:oak_leaves":2,"minecraft:spruce_slab":2},"minecraft:dropped":{"minecraft:enchanted_book":1,"minecraft:iron_sword":1,"minecraft:cooked_chicken":1,"minecraft:crossbow":1,"minecraft:tropical_fish":1,"minecraft:diamond_horse_armor":1,"botania:lexicon":1,"minecraft:torch":32,"mowziesmobs:umvuthana_mask_bliss":1,"minecraft:mutton":5,"apotheosis:gem":1,"alexsmobs:cooked_catfish":3,"farmersdelight:cooked_mutton_chops":3,"sophisticatedbackpacks:copper_backpack":1,"farmersdelight:cooked_salmon_slice":8,"crabbersdelight:crab":2,"twigs:twig":1},"minecraft:used":{"minecraft:diorite":16,"minecraft:stone_pickaxe":73,"minecraft:wooden_pickaxe":21,"crabbersdelight:crab":2,"minecraft:iron_sword":98,"minecraft:torch":18,"minecraft:crafting_table":3,"minecraft:smoker":2,"minecraft:oak_log":3,"sophisticatedbackpacks:backpack":1,"minecraft:wooden_axe":66,"minecraft:apple":10,"minecraft:bread":2,"minecraft:iron_pickaxe":162,"farmersdelight:cooked_salmon_slice":8,"delightful:green_tea_leaf":7,"forbidden_arcanus:splash_aureal_bottle":1,"farmersdelight:cutting_board":1,"minecraft:cobblestone":21,"minecraft:egg":8,"minecraft:golden_axe":16}},"DataVersion":3465}