{"stats":{"minecraft:mined":{"minecraft:spruce_planks":7,"alexsmobs:leafcutter_anthill":1,"minecraft:brewing_stand":2,"minecraft:spruce_trapdoor":2,"minecraft:acacia_log":25,"minecraft:grass_block":3,"minecraft:frosted_ice":1,"minecraft:chiseled_stone_bricks":1,"minecraft:spawner":9,"minecraft:smooth_stone":2,"minecraft:iron_ore":38,"minecraft:enchanting_table":2,"botania:light_blue_mystical_flower":6,"minecraft:tripwire":3,"lootr:lootr_chest":2,"minecraft:smoker":2,"minecraft:clay":1,"minecraft:torch":13,"minecraft:blast_furnace":1,"minecraft:cobblestone":16,"minecraft:wall_torch":13,"minecraft:skeleton_skull":1,"minecraft:tnt":3,"minecraft:smooth_stone_slab":2,"minecraft:stone_brick_stairs":1,"minecraft:grass":16,"minecraft:oak_log":3,"minecraft:dirt":2,"minecraft:deepslate":12,"minecraft:gray_candle":1,"minecraft:red_carpet":2,"minecraft:mossy_cobblestone":1,"forbidden_arcanus:deepslate_arcane_crystal_ore":9,"minecraft:furnace":4,"minecraft:bookshelf":1,"minecraft:deepslate_iron_ore":16,"minecraft:vine":3,"minecraft:stone":86,"botania:light_blue_double_flower":1,"minecraft:soul_sand":46,"minecraft:stone_brick_slab":1,"minecraft:crafting_table":3,"minecraft:copper_ore":9,"minecraft:tall_grass":2,"minecraft:deepslate_gold_ore":7,"dragonmounts:dragon_egg":1,"minecraft:diorite":11,"supplementaries:urn":10,"forbidden_arcanus:xpetrified_ore":4,"biomesoplenty:mahogany_log":26,"globalxp:xp_block":2,"minecraft:coal_ore":33,"minecraft:zombie_head":1,"minecraft:cobweb":64,"minecraft:cracked_stone_bricks":5,"minecraft:stone_bricks":9,"minecraft:polished_andesite":1,"minecraft:mossy_stone_bricks":1,"minecraft:gold_ore":3,"minecraft:fern":8},"minecraft:dropped":{"minecraft:iron_sword":3,"minecraft:soul_sand":46,"minecraft:diamond_axe":1,"minecraft:lapis_lazuli":7,"minecraft:diamond":9,"minecraft:cooked_porkchop":6,"minecraft:saddle":5,"friendsandfoes:totem_of_illusion":1,"minecraft:music_disc_13":2,"minecraft:emerald":108,"minecraft:iron_pickaxe":3,"minecraft:gold_ingot":77,"quark:ancient_tome":1,"minecraft:goat_horn":1,"minecraft:iron_nugget":6,"minecraft:cobbled_deepslate":3,"minecraft:rotten_flesh":1,"minecraft:enchanted_golden_apple":3,"forbidden_arcanus:aureal_bottle":2,"minecraft:cooked_mutton":3,"botania:manasteel_ingot":9,"minecraft:turtle_helmet":1,"forbidden_arcanus:splash_aureal_bottle":1,"minecraft:gunpowder":91,"minecraft:dune_armor_trim_smithing_template":4,"minecraft:skeleton_skull":1,"apotheosis:gem":11,"globalxp:xp_block":1,"quark:smithing_template_rune":1,"crabbersdelight:crab":2,"botania:black_lotus":6,"minecraft:enchanted_book":6,"minecraft:iron_ingot":120,"minecraft:bread":12,"minecraft:wheat_seeds":3,"minecraft:golden_horse_armor":1,"minecraft:cobblestone":1,"minecraft:book":2,"minecraft:copper_ingot":70,"minecraft:coal":113,"minecraft:diamond_horse_armor":2,"illagerinvasion:platinum_chunk":2,"minecraft:diorite":2,"minecraft:torch":1,"minecraft:cooked_salmon":8,"forbidden_arcanus:spawner_scrap":3,"minecraft:iron_leggings":2,"minecraft:iron_axe":1,"minecraft:string":2,"minecraft:music_disc_cat":1,"minecraft:redstone_block":2,"minecraft:redstone":14,"minecraft:anvil":1,"minecraft:experience_bottle":2,"minecraft:clay_ball":4,"minecraft:iron_boots":1,"minecraft:name_tag":5,"minecraft:shield":1,"botania:lexicon":1,"minecraft:diamond_pickaxe":1,"minecraft:slime_ball":2},"minecraft:crafted":{"minecraft:smooth_stone":3,"minecraft:oak_planks":12,"minecraft:stone":36,"minecraft:cooked_mutton":5,"quark:acacia_bookshelf":1,"minecraft:chest":8,"minecraft:cooked_porkchop":19,"minecraft:crafting_table":6,"minecraft:wooden_pickaxe":1,"minecraft:copper_ingot":68,"sophisticatedbackpacks:diamond_backpack":1,"minecraft:stick":28,"minecraft:iron_ingot":50,"minecraft:iron_pickaxe":2,"biomesoplenty:mahogany_boat":2,"minecraft:wooden_sword":1,"biomesoplenty:mahogany_planks":16,"minecraft:furnace":3,"minecraft:blast_furnace":1,"quark:acacia_chest":8,"sophisticatedbackpacks:iron_backpack":1,"minecraft:iron_sword":3,"minecraft:cooked_salmon":18,"sophisticatedbackpacks:gold_backpack":1,"minecraft:air":0,"justhammers:iron_hammer":1,"minecraft:white_wool":16,"minecraft:wooden_axe":1,"minecraft:acacia_planks":100,"minecraft:torch":32},"minecraft:custom":{"lootr:looted_stat":90,"minecraft:interact_with_crafting_table":21,"goblintraders:trade_with_goblin":6,"minecraft:leave_game":4,"minecraft:time_since_death":42627,"minecraft:damage_resisted":274,"minecraft:sprint_one_cm":967918,"minecraft:drop":104,"minecraft:play_time":226717,"minecraft:deaths":10,"minecraft:jump":1705,"minecraft:interact_with_brewingstand":1,"minecraft:walk_on_water_one_cm":40944,"minecraft:interact_with_furnace":25,"minecraft:sleep_in_bed":3,"minecraft:waystone_activated":1,"minecraft:damage_dealt":32664,"minecraft:crouch_one_cm":19533,"minecraft:interact_with_smoker":15,"minecraft:mob_kills":175,"minecraft:damage_dealt_resisted":225,"minecraft:climb_one_cm":13885,"minecraft:walk_one_cm":903618,"minecraft:sneak_time":7379,"minecraft:walk_under_water_one_cm":29489,"minecraft:interact_with_blast_furnace":10,"minecraft:total_world_time":226717,"minecraft:time_since_rest":15486,"minecraft:damage_taken":10039,"minecraft:damage_absorbed":114,"minecraft:swim_one_cm":111073,"minecraft:fly_one_cm":433884,"minecraft:open_chest":179,"minecraft:fall_one_cm":60798},"minecraft:used":{"minecraft:chest":10,"minecraft:iron_sword":462,"friendsandfoes:totem_of_illusion":2,"minecraft:stone_bricks":4,"minecraft:stone_brick_stairs":1,"minecraft:red_carpet":6,"mutantmonsters:hulk_hammer":10,"minecraft:furnace":5,"minecraft:diorite":3,"minecraft:wooden_pickaxe":42,"minecraft:golden_apple":4,"minecraft:blast_furnace":2,"minecraft:zombie_head":1,"minecraft:bread":31,"minecraft:diamond_sword":120,"globalxp:xp_block":2,"minecraft:golden_pickaxe":38,"minecraft:stone_shovel":47,"minecraft:cooked_salmon":10,"minecraft:cooked_chicken":8,"minecraft:torch":84,"minecraft:dirt":2,"minecraft:chainmail_chestplate":1,"minecraft:wooden_axe":31,"dragonmounts:dragon_egg":1,"minecraft:iron_axe":59,"farmersdelight:cooked_salmon_slice":8,"minecraft:iron_boots":1,"minecraft:golden_carrot":3,"minecraft:goat_horn":2,"farmersdelight:cooked_mutton_chops":3,"minecraft:cooked_beef":4,"minecraft:cooked_mutton":3,"alexsmobs:cooked_catfish":3,"minecraft:cracked_stone_bricks":2,"quark:acacia_bookshelf":1,"minecraft:crafting_table":8,"minecraft:smoker":2,"justhammers:iron_hammer":78,"minecraft:iron_pickaxe":215,"forbidden_arcanus:aureal_bottle":1,"minecraft:cobblestone":64,"minecraft:potion":1,"minecraft:cooked_porkchop":34},"minecraft:picked_up":{"minecraft:iron_chestplate":1,"illagerinvasion:platinum_chunk":6,"minecraft:redstone_block":4,"minecraft:diamond_sword":1,"minecraft:enchanted_book":4,"minecraft:stone_brick_stairs":1,"minecraft:brewing_stand":2,"botania:light_blue_double_flower":1,"forbidden_arcanus:xpetrified_orb":4,"minecraft:music_disc_cat":1,"minecraft:string":69,"mutantmonsters:mutant_skeleton_skull":1,"minecraft:raw_copper":26,"minecraft:smooth_stone_slab":3,"minecraft:iron_leggings":5,"minecraft:zombie_head":1,"minecraft:experience_bottle":2,"minecraft:cobbled_deepslate":25,"minecraft:smooth_stone":2,"minecraft:spruce_planks":7,"minecraft:iron_pickaxe":1,"minecraft:enchanted_golden_apple":3,"minecraft:iron_boots":2,"minecraft:furnace":4,"botania:lexicon":1,"apotheosis:gem":20,"minecraft:torch":68,"minecraft:acacia_log":25,"minecraft:porkchop":25,"minecraft:diorite":64,"mutantmonsters:mutant_skeleton_pelvis":1,"minecraft:goat_horn":2,"quark:ancient_tome":1,"mutantmonsters:hulk_hammer":1,"botania:manasteel_ingot":9,"minecraft:rotten_flesh":56,"minecraft:tropical_fish":1,"biomesoplenty:mahogany_sapling":2,"supplementaries:antique_ink":2,"supplementaries:ash":43,"minecraft:cobblestone":606,"minecraft:enchanting_table":2,"minecraft:dune_armor_trim_smithing_template":4,"minecraft:cooked_beef":4,"minecraft:feather":5,"minecraft:andesite":21,"minecraft:smoker":2,"supplementaries:flax_seeds":1,"minecraft:lapis_lazuli":7,"minecraft:dirt":19,"minecraft:name_tag":5,"minecraft:bone":18,"minecraft:bow":1,"minecraft:wheat_seeds":5,"minecraft:raw_gold":12,"minecraft:mossy_stone_bricks":1,"twigs:twig":4,"minecraft:gray_candle":4,"minecraft:cooked_porkchop":31,"minecraft:music_disc_13":1,"crabbersdelight:crab":2,"farmersdelight:cooked_mutton_chops":3,"minecraft:mossy_cobblestone":1,"minecraft:diamond":9,"dragonmounts:dragon_egg":1,"minecraft:crossbow":1,"minecraft:granite":55,"minecraft:emerald":135,"minecraft:golden_horse_armor":1,"minecraft:bread":1,"minecraft:diamond_pickaxe":1,"minecraft:crafting_table":3,"minecraft:clay_ball":4,"minecraft:turtle_helmet":1,"friendsandfoes:totem_of_illusion":5,"minecraft:diamond_horse_armor":2,"minecraft:shield":1,"alexsmobs:cooked_catfish":3,"minecraft:iron_axe":1,"minecraft:iron_shovel":1,"minecraft:cracked_stone_bricks":3,"minecraft:beef":6,"minecraft:iron_nugget":12,"minecraft:chest":2,"globalxp:xp_block":4,"minecraft:spruce_trapdoor":2,"minecraft:egg":1,"minecraft:raw_iron":80,"minecraft:copper_ingot":70,"alexsmobs:leafcutter_ant_pupa":3,"botania:black_lotus":6,"minecraft:tnt":2,"minecraft:arrow":28,"mowziesmobs:umvuthana_mask_bliss":1,"minecraft:saddle":4,"minecraft:gold_ingot":82,"sophisticatedbackpacks:copper_backpack":1,"minecraft:mutton":5,"minecraft:white_wool":1,"forbidden_arcanus:spawner_scrap":9,"minecraft:skeleton_skull":2,"minecraft:salmon":16,"minecraft:leather":4,"quark:smithing_template_rune":1,"quark:music_disc_rain":1,"minecraft:oak_log":3,"minecraft:gunpowder":84,"mutantmonsters:mutant_skeleton_limb":4,"minecraft:paper":2,"minecraft:white_banner":1,"botania:light_blue_mystical_flower":6,"minecraft:cooked_mutton":1,"minecraft:red_carpet":6,"minecraft:stone_bricks":5,"minecraft:iron_ingot":125,"minecraft:cooked_chicken":3,"minecraft:acacia_sapling":6,"minecraft:iron_sword":4,"mowziesmobs:umvuthana_mask_misery":1,"minecraft:soul_sand":92,"minecraft:book":3,"minecraft:chiseled_stone_bricks":1,"minecraft:blast_furnace":1,"illagerinvasion:illusionary_dust":1,"forbidden_arcanus:arcane_crystal":11,"alexsmobs:raw_catfish":3,"biomesoplenty:mahogany_log":23,"minecraft:slime_ball":2,"minecraft:iron_helmet":1,"minecraft:diamond_axe":1,"farmersdelight:cooked_salmon_slice":8,"minecraft:coal":129},"minecraft:killed":{"illagerinvasion:archivist":3,"minecraft:spider":2,"illagerinvasion:basher":1,"minecraft:skeleton":21,"alexsmobs:leafcutter_ant":3,"minecraft:chicken":3,"illagerinvasion:provoker":1,"minecraft:illusioner":4,"alexsmobs:triops":2,"minecraft:pig":27,"alexsmobs:grizzly_bear":1,"minecraft:salmon":16,"mutantmonsters:mutant_skeleton":1,"minecraft:creeper":7,"minecraft:sheep":1,"minecraft:pillager":5,"minecraft:zombie":49,"alexsmobs:terrapin":1,"mowziesmobs:umvuthana_raptor":1,"minecraft:cow":5,"minecraft:vindicator":6,"illagerinvasion:marauder":3,"mowziesmobs:umvuthana_follower_raptor":8,"alexsmobs:catfish":3,"mutantmonsters:mutant_zombie":1},"minecraft:killed_by":{"mutantmonsters:mutant_zombie":1,"minecraft:creeper":2,"minecraft:vindicator":2,"minecraft:husk":1,"minecraft:player":1,"minecraft:skeleton":3},"minecraft:broken":{"minecraft:iron_boots":1,"minecraft:iron_sword":1,"mowziesmobs:umvuthana_mask_bliss":1,"minecraft:golden_pickaxe":1,"minecraft:turtle_helmet":1}},"DataVersion":3465}