{"stats":{"minecraft:mined":{"minecraft:red_carpet":2,"minecraft:spruce_planks":7,"minecraft:mossy_cobblestone":1,"minecraft:brewing_stand":2,"minecraft:spruce_trapdoor":2,"minecraft:acacia_log":25,"minecraft:grass_block":3,"minecraft:spawner":9,"minecraft:frosted_ice":1,"minecraft:chiseled_stone_bricks":1,"minecraft:smooth_stone":2,"forbidden_arcanus:deepslate_arcane_crystal_ore":9,"minecraft:furnace":4,"minecraft:iron_ore":38,"minecraft:enchanting_table":2,"minecraft:bookshelf":1,"minecraft:vine":3,"minecraft:deepslate_iron_ore":16,"botania:light_blue_mystical_flower":6,"botania:light_blue_double_flower":1,"minecraft:stone":86,"minecraft:tripwire":3,"lootr:lootr_chest":2,"minecraft:soul_sand":46,"minecraft:smoker":2,"minecraft:stone_brick_slab":1,"minecraft:clay":1,"minecraft:crafting_table":3,"minecraft:torch":13,"minecraft:blast_furnace":1,"minecraft:tall_grass":1,"minecraft:copper_ore":9,"minecraft:cobblestone":16,"minecraft:deepslate_gold_ore":7,"dragonmounts:dragon_egg":1,"minecraft:wall_torch":13,"minecraft:diorite":11,"minecraft:skeleton_skull":1,"supplementaries:urn":10,"forbidden_arcanus:xpetrified_ore":4,"globalxp:xp_block":2,"minecraft:tnt":3,"minecraft:stone_brick_stairs":1,"minecraft:smooth_stone_slab":2,"minecraft:grass":14,"minecraft:coal_ore":33,"minecraft:oak_log":3,"minecraft:zombie_head":1,"minecraft:dirt":2,"minecraft:cobweb":64,"minecraft:cracked_stone_bricks":5,"minecraft:polished_andesite":1,"minecraft:stone_bricks":9,"minecraft:mossy_stone_bricks":1,"minecraft:gold_ore":3,"minecraft:gray_candle":1,"minecraft:deepslate":12,"minecraft:fern":7},"minecraft:dropped":{"minecraft:enchanted_book":6,"minecraft:bread":12,"minecraft:iron_ingot":120,"minecraft:iron_sword":3,"minecraft:soul_sand":46,"minecraft:diamond_axe":1,"minecraft:wheat_seeds":3,"minecraft:lapis_lazuli":7,"minecraft:diamond":9,"minecraft:golden_horse_armor":1,"minecraft:cooked_porkchop":6,"minecraft:book":2,"minecraft:saddle":5,"minecraft:copper_ingot":70,"minecraft:coal":113,"minecraft:emerald":108,"friendsandfoes:totem_of_illusion":1,"minecraft:music_disc_13":2,"minecraft:diamond_horse_armor":2,"illagerinvasion:platinum_chunk":2,"minecraft:diorite":2,"minecraft:torch":1,"minecraft:cooked_salmon":8,"forbidden_arcanus:spawner_scrap":3,"minecraft:iron_leggings":2,"minecraft:iron_axe":1,"minecraft:iron_pickaxe":3,"minecraft:redstone":14,"minecraft:string":2,"minecraft:music_disc_cat":1,"minecraft:redstone_block":2,"quark:ancient_tome":1,"minecraft:gold_ingot":77,"minecraft:anvil":1,"minecraft:goat_horn":1,"minecraft:iron_nugget":6,"minecraft:cobbled_deepslate":3,"minecraft:experience_bottle":2,"minecraft:rotten_flesh":1,"minecraft:enchanted_golden_apple":3,"minecraft:clay_ball":4,"minecraft:iron_boots":1,"minecraft:name_tag":5,"forbidden_arcanus:aureal_bottle":2,"minecraft:cooked_mutton":3,"botania:manasteel_ingot":9,"minecraft:turtle_helmet":1,"minecraft:shield":1,"minecraft:gunpowder":91,"forbidden_arcanus:splash_aureal_bottle":1,"botania:lexicon":1,"minecraft:dune_armor_trim_smithing_template":4,"minecraft:skeleton_skull":1,"minecraft:diamond_pickaxe":1,"apotheosis:gem":11,"globalxp:xp_block":1,"minecraft:slime_ball":2,"quark:smithing_template_rune":1,"crabbersdelight:crab":2,"botania:black_lotus":6},"minecraft:crafted":{"minecraft:wooden_sword":1,"minecraft:smooth_stone":3,"minecraft:oak_planks":12,"minecraft:furnace":3,"minecraft:blast_furnace":1,"minecraft:stone":36,"minecraft:cooked_mutton":5,"quark:acacia_bookshelf":1,"quark:acacia_chest":8,"minecraft:chest":8,"sophisticatedbackpacks:iron_backpack":1,"minecraft:cooked_porkchop":19,"minecraft:crafting_table":5,"minecraft:wooden_pickaxe":1,"minecraft:iron_sword":3,"minecraft:cooked_salmon":18,"minecraft:copper_ingot":68,"sophisticatedbackpacks:gold_backpack":1,"minecraft:air":0,"justhammers:iron_hammer":1,"minecraft:white_wool":16,"sophisticatedbackpacks:diamond_backpack":1,"minecraft:stick":28,"minecraft:iron_ingot":50,"minecraft:iron_pickaxe":2,"minecraft:wooden_axe":1,"minecraft:acacia_planks":100,"minecraft:torch":32},"minecraft:custom":{"lootr:looted_stat":86,"minecraft:mob_kills":164,"minecraft:interact_with_crafting_table":20,"goblintraders:trade_with_goblin":6,"minecraft:damage_dealt_resisted":225,"minecraft:leave_game":4,"minecraft:time_since_death":30627,"minecraft:climb_one_cm":13208,"minecraft:damage_resisted":257,"minecraft:sprint_one_cm":862836,"minecraft:walk_one_cm":858422,"minecraft:drop":103,"minecraft:play_time":214717,"minecraft:deaths":10,"minecraft:sneak_time":7378,"minecraft:walk_under_water_one_cm":29404,"minecraft:interact_with_brewingstand":1,"minecraft:jump":1330,"minecraft:interact_with_blast_furnace":10,"minecraft:walk_on_water_one_cm":40072,"minecraft:total_world_time":214717,"minecraft:interact_with_furnace":25,"minecraft:sleep_in_bed":3,"minecraft:time_since_rest":3486,"minecraft:waystone_activated":1,"minecraft:damage_taken":9471,"minecraft:damage_absorbed":114,"minecraft:damage_dealt":30008,"minecraft:swim_one_cm":108690,"minecraft:fly_one_cm":338801,"minecraft:open_chest":179,"minecraft:crouch_one_cm":19533,"minecraft:interact_with_smoker":15,"minecraft:fall_one_cm":49123},"minecraft:used":{"minecraft:stone_shovel":47,"minecraft:chest":10,"minecraft:iron_sword":462,"minecraft:cooked_salmon":10,"minecraft:cooked_chicken":8,"minecraft:torch":84,"minecraft:dirt":2,"minecraft:chainmail_chestplate":1,"minecraft:wooden_axe":31,"dragonmounts:dragon_egg":1,"friendsandfoes:totem_of_illusion":2,"minecraft:iron_axe":18,"farmersdelight:cooked_salmon_slice":8,"minecraft:iron_boots":1,"minecraft:stone_brick_stairs":1,"minecraft:stone_bricks":4,"minecraft:red_carpet":6,"minecraft:golden_carrot":3,"minecraft:goat_horn":2,"minecraft:furnace":5,"farmersdelight:cooked_mutton_chops":3,"minecraft:cooked_beef":4,"minecraft:cooked_mutton":3,"alexsmobs:cooked_catfish":3,"minecraft:diorite":3,"minecraft:wooden_pickaxe":42,"minecraft:cracked_stone_bricks":2,"minecraft:golden_apple":4,"quark:acacia_bookshelf":1,"minecraft:crafting_table":7,"minecraft:blast_furnace":2,"justhammers:iron_hammer":78,"minecraft:smoker":2,"minecraft:zombie_head":1,"minecraft:bread":29,"minecraft:iron_pickaxe":215,"forbidden_arcanus:aureal_bottle":1,"minecraft:diamond_sword":106,"globalxp:xp_block":2,"minecraft:potion":1,"minecraft:cobblestone":64,"minecraft:cooked_porkchop":27,"minecraft:golden_pickaxe":38},"minecraft:picked_up":{"minecraft:redstone_block":4,"minecraft:crafting_table":3,"minecraft:iron_chestplate":1,"illagerinvasion:platinum_chunk":6,"minecraft:clay_ball":4,"minecraft:turtle_helmet":1,"minecraft:diamond_sword":1,"friendsandfoes:totem_of_illusion":5,"minecraft:enchanted_book":4,"minecraft:diamond_horse_armor":2,"minecraft:stone_brick_stairs":1,"minecraft:brewing_stand":2,"minecraft:shield":1,"botania:light_blue_double_flower":1,"minecraft:music_disc_cat":1,"forbidden_arcanus:xpetrified_orb":4,"alexsmobs:cooked_catfish":3,"minecraft:string":69,"minecraft:experience_bottle":2,"minecraft:raw_copper":26,"minecraft:iron_axe":1,"minecraft:smooth_stone_slab":3,"minecraft:iron_leggings":5,"minecraft:iron_shovel":1,"minecraft:zombie_head":1,"minecraft:cracked_stone_bricks":3,"minecraft:smooth_stone":2,"minecraft:cobbled_deepslate":25,"minecraft:spruce_planks":7,"minecraft:enchanted_golden_apple":3,"globalxp:xp_block":4,"minecraft:iron_nugget":12,"minecraft:iron_pickaxe":1,"minecraft:chest":2,"minecraft:spruce_trapdoor":2,"minecraft:furnace":4,"minecraft:iron_boots":2,"minecraft:egg":1,"botania:lexicon":1,"minecraft:raw_iron":80,"apotheosis:gem":20,"minecraft:copper_ingot":70,"minecraft:torch":68,"minecraft:acacia_log":25,"minecraft:porkchop":19,"minecraft:diorite":64,"minecraft:goat_horn":2,"botania:black_lotus":6,"quark:ancient_tome":1,"minecraft:tnt":2,"botania:manasteel_ingot":9,"minecraft:arrow":28,"minecraft:rotten_flesh":56,"minecraft:tropical_fish":1,"supplementaries:antique_ink":2,"minecraft:saddle":4,"mowziesmobs:umvuthana_mask_bliss":1,"minecraft:gold_ingot":82,"sophisticatedbackpacks:copper_backpack":1,"supplementaries:ash":43,"minecraft:skeleton_skull":2,"minecraft:mutton":5,"forbidden_arcanus:spawner_scrap":9,"minecraft:white_wool":1,"minecraft:cobblestone":605,"minecraft:enchanting_table":2,"minecraft:dune_armor_trim_smithing_template":4,"minecraft:feather":5,"minecraft:cooked_beef":4,"minecraft:andesite":21,"minecraft:salmon":16,"minecraft:leather":2,"minecraft:smoker":2,"quark:smithing_template_rune":1,"quark:music_disc_rain":1,"minecraft:oak_log":3,"supplementaries:flax_seeds":1,"minecraft:gunpowder":84,"minecraft:lapis_lazuli":7,"minecraft:paper":2,"minecraft:dirt":4,"minecraft:white_banner":1,"minecraft:name_tag":5,"botania:light_blue_mystical_flower":6,"minecraft:cooked_mutton":1,"minecraft:red_carpet":6,"minecraft:bone":18,"minecraft:stone_bricks":5,"minecraft:bow":1,"minecraft:wheat_seeds":5,"minecraft:raw_gold":12,"minecraft:iron_ingot":125,"minecraft:cooked_chicken":3,"minecraft:gray_candle":4,"minecraft:soul_sand":92,"minecraft:mossy_stone_bricks":1,"twigs:twig":2,"mowziesmobs:umvuthana_mask_misery":1,"minecraft:iron_sword":4,"minecraft:acacia_sapling":6,"minecraft:book":3,"minecraft:cooked_porkchop":31,"minecraft:music_disc_13":1,"minecraft:chiseled_stone_bricks":1,"crabbersdelight:crab":2,"minecraft:blast_furnace":1,"minecraft:mossy_cobblestone":1,"illagerinvasion:illusionary_dust":1,"farmersdelight:cooked_mutton_chops":3,"forbidden_arcanus:arcane_crystal":11,"alexsmobs:raw_catfish":3,"minecraft:slime_ball":2,"minecraft:diamond":9,"dragonmounts:dragon_egg":1,"minecraft:diamond_axe":1,"minecraft:iron_helmet":1,"minecraft:crossbow":1,"minecraft:granite":55,"minecraft:golden_horse_armor":1,"minecraft:bread":1,"minecraft:emerald":135,"farmersdelight:cooked_salmon_slice":8,"minecraft:coal":129,"minecraft:diamond_pickaxe":1},"minecraft:killed":{"illagerinvasion:archivist":3,"minecraft:spider":2,"minecraft:vindicator":6,"illagerinvasion:marauder":3,"illagerinvasion:basher":1,"minecraft:skeleton":21,"minecraft:chicken":3,"illagerinvasion:provoker":1,"minecraft:illusioner":4,"alexsmobs:triops":2,"minecraft:pig":24,"alexsmobs:grizzly_bear":1,"minecraft:salmon":16,"mowziesmobs:umvuthana_follower_raptor":8,"minecraft:creeper":7,"minecraft:sheep":1,"alexsmobs:catfish":3,"minecraft:pillager":5,"minecraft:zombie":49,"alexsmobs:terrapin":1,"mowziesmobs:umvuthana_raptor":1,"minecraft:cow":2},"minecraft:killed_by":{"minecraft:husk":1,"mutantmonsters:mutant_zombie":1,"minecraft:player":1,"minecraft:creeper":2,"minecraft:vindicator":2,"minecraft:skeleton":3},"minecraft:broken":{"minecraft:iron_boots":1,"minecraft:iron_sword":1,"minecraft:golden_pickaxe":1,"mowziesmobs:umvuthana_mask_bliss":1}},"DataVersion":3465}