{"stats":{"minecraft:crafted":{"minecraft:wooden_sword":1,"justhammers:iron_hammer":1,"minecraft:crafting_table":3,"minecraft:stick":16,"minecraft:iron_pickaxe":2,"minecraft:iron_ingot":21,"minecraft:wooden_pickaxe":1,"minecraft:wooden_axe":1,"minecraft:iron_sword":2,"minecraft:furnace":2,"minecraft:acacia_planks":20,"minecraft:air":0},"minecraft:killed_by":{"minecraft:husk":1,"minecraft:skeleton":1},"minecraft:custom":{"minecraft:interact_with_furnace":11,"minecraft:time_since_rest":17680,"minecraft:waystone_activated":1,"minecraft:sprint_one_cm":60251,"lootr:looted_stat":3,"minecraft:damage_taken":827,"minecraft:walk_one_cm":64599,"minecraft:mob_kills":5,"minecraft:drop":3,"minecraft:damage_dealt":391,"minecraft:swim_one_cm":2813,"minecraft:interact_with_crafting_table":8,"minecraft:fly_one_cm":90915,"minecraft:crouch_one_cm":3896,"minecraft:play_time":25608,"minecraft:deaths":2,"minecraft:sneak_time":1620,"minecraft:walk_under_water_one_cm":24,"minecraft:jump":333,"minecraft:leave_game":1,"minecraft:time_since_death":17418,"minecraft:walk_on_water_one_cm":6980,"minecraft:total_world_time":25608,"minecraft:climb_one_cm":42,"minecraft:damage_resisted":0,"minecraft:fall_one_cm":9253},"minecraft:picked_up":{"minecraft:raw_iron":16,"apotheosis:gem":3,"minecraft:crafting_table":1,"minecraft:andesite":19,"minecraft:torch":33,"minecraft:acacia_log":25,"minecraft:porkchop":2,"minecraft:enchanted_book":1,"minecraft:diorite":52,"minecraft:dirt":2,"minecraft:raw_copper":26,"minecraft:tnt":2,"minecraft:wheat_seeds":1,"minecraft:spruce_planks":7,"minecraft:granite":55,"minecraft:cooked_chicken":1,"mowziesmobs:umvuthana_mask_bliss":1,"twigs:twig":2,"minecraft:coal":31,"minecraft:acacia_sapling":6,"minecraft:cobblestone":567},"minecraft:killed":{"minecraft:pig":1,"minecraft:chicken":1,"mowziesmobs:umvuthana_follower_raptor":3},"minecraft:mined":{"minecraft:spruce_planks":7,"minecraft:tnt":3,"minecraft:crafting_table":1,"minecraft:grass":3,"minecraft:acacia_log":25,"minecraft:dirt":2,"minecraft:copper_ore":9,"minecraft:stone":66,"minecraft:diorite":1},"minecraft:dropped":{"minecraft:iron_sword":1,"minecraft:torch":1,"minecraft:iron_pickaxe":1},"minecraft:used":{"minecraft:wooden_axe":31,"minecraft:diorite":1,"minecraft:iron_pickaxe":34,"minecraft:wooden_pickaxe":42,"minecraft:iron_sword":3,"minecraft:cooked_chicken":3,"minecraft:torch":2,"minecraft:crafting_table":4,"minecraft:furnace":2,"justhammers:iron_hammer":78}},"DataVersion":3465}