{"stats":{"minecraft:crafted":{"minecraft:wooden_sword":1,"minecraft:crafting_table":1,"minecraft:stick":8,"minecraft:wooden_pickaxe":1,"minecraft:wooden_axe":1,"minecraft:acacia_planks":20},"minecraft:killed_by":{"minecraft:husk":1,"minecraft:skeleton":1},"minecraft:custom":{"minecraft:time_since_rest":5680,"minecraft:waystone_activated":1,"minecraft:sprint_one_cm":47604,"lootr:looted_stat":2,"minecraft:damage_taken":653,"minecraft:walk_one_cm":25776,"minecraft:mob_kills":3,"minecraft:damage_dealt":251,"minecraft:swim_one_cm":2813,"minecraft:interact_with_crafting_table":2,"minecraft:fly_one_cm":83151,"minecraft:crouch_one_cm":870,"minecraft:play_time":13608,"minecraft:deaths":2,"minecraft:sneak_time":625,"minecraft:walk_under_water_one_cm":24,"minecraft:jump":251,"minecraft:leave_game":1,"minecraft:time_since_death":5418,"minecraft:walk_on_water_one_cm":6091,"minecraft:total_world_time":13608,"minecraft:climb_one_cm":42,"minecraft:damage_resisted":0,"minecraft:fall_one_cm":7944},"minecraft:picked_up":{"apotheosis:gem":3,"minecraft:crafting_table":1,"minecraft:acacia_log":25,"minecraft:enchanted_book":1,"minecraft:dirt":2,"minecraft:tnt":2,"minecraft:wheat_seeds":1,"minecraft:spruce_planks":7,"mowziesmobs:umvuthana_mask_bliss":1,"twigs:twig":2,"minecraft:acacia_sapling":6,"minecraft:cobblestone":20},"minecraft:killed":{"mowziesmobs:umvuthana_follower_raptor":3},"minecraft:mined":{"minecraft:spruce_planks":7,"minecraft:tnt":3,"minecraft:crafting_table":1,"minecraft:grass":3,"minecraft:acacia_log":25,"minecraft:dirt":2,"minecraft:stone":20},"minecraft:used":{"minecraft:wooden_axe":31,"minecraft:wooden_pickaxe":20,"minecraft:cooked_chicken":2,"minecraft:crafting_table":2}},"DataVersion":3465}