{"stats":{"minecraft:crafted":{"minecraft:wooden_sword":1,"minecraft:cooked_porkchop":2,"minecraft:crafting_table":3,"minecraft:wooden_pickaxe":1,"minecraft:iron_sword":2,"minecraft:furnace":2,"minecraft:cooked_salmon":18,"minecraft:copper_ingot":68,"minecraft:cooked_mutton":5,"minecraft:air":0,"justhammers:iron_hammer":1,"minecraft:stick":24,"minecraft:iron_ingot":38,"minecraft:iron_pickaxe":2,"minecraft:wooden_axe":1,"minecraft:acacia_planks":24,"minecraft:torch":32},"minecraft:killed_by":{"minecraft:vindicator":2,"minecraft:husk":1,"minecraft:skeleton":1,"minecraft:creeper":1},"minecraft:custom":{"lootr:looted_stat":35,"minecraft:interact_with_furnace":17,"minecraft:mob_kills":38,"minecraft:interact_with_crafting_table":10,"minecraft:damage_dealt_resisted":0,"minecraft:leave_game":1,"minecraft:time_since_death":24395,"minecraft:climb_one_cm":2574,"minecraft:damage_resisted":26,"minecraft:time_since_rest":24426,"minecraft:waystone_activated":1,"minecraft:sprint_one_cm":160703,"minecraft:damage_taken":2807,"minecraft:walk_one_cm":212143,"minecraft:drop":21,"minecraft:damage_dealt":4212,"minecraft:swim_one_cm":82752,"minecraft:fly_one_cm":132677,"minecraft:crouch_one_cm":8311,"minecraft:play_time":73608,"minecraft:deaths":5,"minecraft:sneak_time":3795,"minecraft:walk_under_water_one_cm":25410,"minecraft:jump":696,"minecraft:interact_with_blast_furnace":3,"minecraft:walk_on_water_one_cm":30082,"minecraft:total_world_time":73608,"minecraft:interact_with_smoker":8,"minecraft:fall_one_cm":17110},"minecraft:picked_up":{"minecraft:enchanting_table":1,"minecraft:crafting_table":1,"minecraft:andesite":19,"minecraft:salmon":16,"friendsandfoes:totem_of_illusion":3,"minecraft:diamond_horse_armor":1,"minecraft:enchanted_book":1,"supplementaries:flax_seeds":1,"minecraft:brewing_stand":1,"minecraft:gunpowder":2,"minecraft:string":36,"forbidden_arcanus:xpetrified_orb":2,"alexsmobs:cooked_catfish":3,"minecraft:dirt":2,"minecraft:raw_copper":26,"minecraft:iron_leggings":1,"minecraft:bone":2,"minecraft:stone_bricks":3,"minecraft:cracked_stone_bricks":2,"minecraft:wheat_seeds":1,"minecraft:cobbled_deepslate":8,"minecraft:spruce_planks":7,"minecraft:cooked_chicken":1,"minecraft:iron_sword":2,"twigs:twig":2,"minecraft:acacia_sapling":6,"minecraft:iron_boots":1,"botania:lexicon":1,"minecraft:raw_iron":74,"apotheosis:gem":5,"minecraft:chiseled_stone_bricks":1,"crabbersdelight:crab":2,"minecraft:torch":45,"minecraft:acacia_log":25,"minecraft:porkchop":2,"minecraft:diorite":60,"farmersdelight:cooked_mutton_chops":3,"minecraft:tnt":2,"forbidden_arcanus:arcane_crystal":7,"alexsmobs:raw_catfish":3,"minecraft:arrow":2,"minecraft:rotten_flesh":6,"minecraft:tropical_fish":1,"supplementaries:antique_ink":2,"dragonmounts:dragon_egg":1,"minecraft:crossbow":1,"minecraft:granite":55,"mowziesmobs:umvuthana_mask_bliss":1,"minecraft:emerald":2,"minecraft:bread":1,"sophisticatedbackpacks:copper_backpack":1,"supplementaries:ash":26,"farmersdelight:cooked_salmon_slice":8,"minecraft:mutton":5,"minecraft:coal":48,"minecraft:cobblestone":597},"minecraft:killed":{"minecraft:pig":1,"minecraft:salmon":16,"minecraft:spider":1,"mowziesmobs:umvuthana_follower_raptor":3,"minecraft:creeper":3,"minecraft:skeleton":3,"alexsmobs:catfish":3,"minecraft:zombie":4,"alexsmobs:terrapin":1,"minecraft:chicken":1,"minecraft:illusioner":2},"minecraft:mined":{"minecraft:spruce_planks":7,"minecraft:stone_brick_slab":1,"minecraft:brewing_stand":1,"minecraft:crafting_table":1,"minecraft:acacia_log":25,"minecraft:copper_ore":9,"minecraft:cobblestone":15,"dragonmounts:dragon_egg":1,"minecraft:diorite":7,"minecraft:wall_torch":4,"minecraft:chiseled_stone_bricks":1,"supplementaries:urn":10,"forbidden_arcanus:deepslate_arcane_crystal_ore":5,"forbidden_arcanus:xpetrified_ore":2,"minecraft:iron_ore":32,"minecraft:tnt":3,"minecraft:enchanting_table":1,"minecraft:grass":3,"minecraft:coal_ore":18,"minecraft:deepslate_iron_ore":16,"minecraft:dirt":2,"minecraft:cobweb":27,"minecraft:cracked_stone_bricks":2,"minecraft:stone_bricks":3,"minecraft:stone":80,"minecraft:tripwire":3,"minecraft:deepslate":2},"minecraft:dropped":{"minecraft:bread":12,"minecraft:iron_sword":2,"minecraft:cobbled_deepslate":3,"minecraft:cooked_porkchop":1,"minecraft:rotten_flesh":1,"forbidden_arcanus:aureal_bottle":2,"minecraft:saddle":1,"minecraft:cooked_mutton":3,"minecraft:music_disc_13":1,"minecraft:diamond_horse_armor":1,"forbidden_arcanus:splash_aureal_bottle":1,"minecraft:diorite":2,"botania:lexicon":1,"minecraft:torch":1,"minecraft:cooked_salmon":8,"crabbersdelight:crab":2,"minecraft:iron_pickaxe":2},"minecraft:used":{"minecraft:cooked_mutton":2,"minecraft:diorite":2,"minecraft:wooden_pickaxe":42,"minecraft:iron_sword":120,"minecraft:cooked_salmon":10,"minecraft:cooked_chicken":6,"minecraft:cracked_stone_bricks":1,"minecraft:torch":45,"minecraft:crafting_table":4,"minecraft:chainmail_chestplate":1,"justhammers:iron_hammer":78,"minecraft:wooden_axe":31,"dragonmounts:dragon_egg":1,"minecraft:bread":2,"minecraft:iron_pickaxe":135,"forbidden_arcanus:aureal_bottle":1,"minecraft:stone_bricks":3,"minecraft:cobblestone":53,"minecraft:cooked_porkchop":1,"minecraft:furnace":2,"minecraft:golden_pickaxe":19}},"DataVersion":3465}