{"stats":{"minecraft:crafted":{"minecraft:wooden_sword":1,"minecraft:furnace":3,"minecraft:stone":24,"minecraft:cooked_mutton":5,"quark:acacia_bookshelf":1,"quark:acacia_chest":8,"minecraft:chest":8,"minecraft:cooked_porkchop":2,"minecraft:crafting_table":4,"minecraft:wooden_pickaxe":1,"minecraft:iron_sword":2,"minecraft:cooked_salmon":18,"minecraft:copper_ingot":68,"minecraft:air":0,"justhammers:iron_hammer":1,"minecraft:white_wool":16,"minecraft:stick":24,"minecraft:iron_ingot":38,"minecraft:iron_pickaxe":2,"minecraft:wooden_axe":1,"minecraft:acacia_planks":100,"minecraft:torch":32},"minecraft:broken":{"minecraft:golden_pickaxe":1,"mowziesmobs:umvuthana_mask_bliss":1},"minecraft:killed_by":{"minecraft:husk":1,"minecraft:creeper":1,"minecraft:vindicator":2,"minecraft:skeleton":1},"minecraft:custom":{"lootr:looted_stat":40,"minecraft:mob_kills":51,"minecraft:interact_with_crafting_table":14,"minecraft:damage_dealt_resisted":0,"minecraft:leave_game":1,"minecraft:time_since_death":48395,"minecraft:climb_one_cm":8441,"minecraft:damage_resisted":41,"minecraft:sprint_one_cm":254548,"minecraft:walk_one_cm":348479,"minecraft:drop":42,"minecraft:play_time":97608,"minecraft:deaths":5,"minecraft:sneak_time":4706,"minecraft:walk_under_water_one_cm":25578,"minecraft:jump":758,"minecraft:interact_with_blast_furnace":3,"minecraft:walk_on_water_one_cm":30303,"minecraft:total_world_time":97608,"minecraft:interact_with_furnace":21,"minecraft:sleep_in_bed":1,"minecraft:time_since_rest":10737,"minecraft:waystone_activated":1,"minecraft:damage_taken":3279,"minecraft:damage_dealt":6655,"minecraft:swim_one_cm":86723,"minecraft:fly_one_cm":145753,"minecraft:open_chest":20,"minecraft:crouch_one_cm":9580,"minecraft:interact_with_smoker":9,"minecraft:fall_one_cm":19308},"minecraft:picked_up":{"minecraft:crafting_table":3,"illagerinvasion:platinum_chunk":4,"friendsandfoes:totem_of_illusion":5,"minecraft:enchanted_book":3,"minecraft:diamond_horse_armor":1,"minecraft:brewing_stand":2,"forbidden_arcanus:xpetrified_orb":2,"alexsmobs:cooked_catfish":3,"minecraft:string":67,"minecraft:raw_copper":26,"minecraft:iron_leggings":2,"minecraft:cracked_stone_bricks":2,"minecraft:cobbled_deepslate":8,"minecraft:spruce_planks":7,"minecraft:chest":2,"minecraft:spruce_trapdoor":2,"minecraft:egg":1,"minecraft:iron_boots":1,"minecraft:furnace":2,"minecraft:raw_iron":74,"botania:lexicon":1,"apotheosis:gem":5,"minecraft:copper_ingot":68,"minecraft:torch":47,"minecraft:acacia_log":25,"minecraft:porkchop":2,"minecraft:diorite":61,"minecraft:tnt":2,"minecraft:rotten_flesh":7,"minecraft:arrow":5,"minecraft:tropical_fish":1,"supplementaries:antique_ink":2,"mowziesmobs:umvuthana_mask_bliss":1,"minecraft:gold_ingot":36,"sophisticatedbackpacks:copper_backpack":1,"supplementaries:ash":30,"minecraft:mutton":5,"minecraft:cobblestone":598,"minecraft:enchanting_table":2,"minecraft:feather":2,"minecraft:salmon":16,"minecraft:andesite":19,"minecraft:smoker":2,"supplementaries:flax_seeds":1,"minecraft:gunpowder":2,"minecraft:dirt":2,"minecraft:white_banner":1,"minecraft:red_carpet":6,"minecraft:bone":2,"minecraft:stone_bricks":4,"minecraft:wheat_seeds":1,"minecraft:raw_gold":5,"minecraft:iron_ingot":38,"minecraft:cooked_chicken":3,"minecraft:mossy_stone_bricks":1,"twigs:twig":2,"minecraft:acacia_sapling":6,"minecraft:iron_sword":2,"minecraft:cooked_porkchop":6,"minecraft:chiseled_stone_bricks":1,"crabbersdelight:crab":2,"illagerinvasion:illusionary_dust":1,"farmersdelight:cooked_mutton_chops":3,"forbidden_arcanus:arcane_crystal":7,"alexsmobs:raw_catfish":3,"minecraft:diamond":9,"dragonmounts:dragon_egg":1,"minecraft:granite":55,"minecraft:crossbow":1,"minecraft:bread":1,"minecraft:emerald":16,"farmersdelight:cooked_salmon_slice":8,"minecraft:coal":81},"minecraft:killed":{"minecraft:spider":1,"minecraft:vindicator":3,"minecraft:skeleton":3,"minecraft:chicken":3,"minecraft:illusioner":4,"minecraft:pig":3,"minecraft:salmon":16,"mowziesmobs:umvuthana_follower_raptor":3,"minecraft:creeper":3,"alexsmobs:catfish":3,"minecraft:pillager":3,"minecraft:zombie":5,"alexsmobs:terrapin":1},"minecraft:mined":{"minecraft:red_carpet":2,"minecraft:spruce_planks":7,"minecraft:brewing_stand":2,"minecraft:spruce_trapdoor":2,"minecraft:acacia_log":25,"minecraft:chiseled_stone_bricks":1,"forbidden_arcanus:deepslate_arcane_crystal_ore":5,"minecraft:furnace":2,"minecraft:iron_ore":32,"minecraft:enchanting_table":2,"minecraft:bookshelf":1,"minecraft:deepslate_iron_ore":16,"minecraft:vine":2,"minecraft:stone":81,"minecraft:tripwire":3,"lootr:lootr_chest":2,"minecraft:smoker":2,"minecraft:stone_brick_slab":1,"minecraft:crafting_table":3,"minecraft:copper_ore":9,"minecraft:cobblestone":15,"dragonmounts:dragon_egg":1,"minecraft:diorite":8,"minecraft:wall_torch":6,"supplementaries:urn":10,"forbidden_arcanus:xpetrified_ore":2,"minecraft:tnt":3,"minecraft:grass":3,"minecraft:coal_ore":33,"minecraft:dirt":2,"minecraft:cobweb":62,"minecraft:cracked_stone_bricks":4,"minecraft:stone_bricks":8,"minecraft:mossy_stone_bricks":1,"minecraft:gold_ore":3,"minecraft:deepslate":2},"minecraft:dropped":{"minecraft:enchanted_book":5,"minecraft:iron_ingot":38,"minecraft:bread":12,"minecraft:iron_sword":2,"minecraft:diamond":9,"minecraft:cooked_porkchop":6,"minecraft:saddle":1,"minecraft:copper_ingot":68,"minecraft:emerald":10,"friendsandfoes:totem_of_illusion":1,"minecraft:music_disc_13":1,"minecraft:diamond_horse_armor":1,"illagerinvasion:platinum_chunk":2,"minecraft:diorite":2,"minecraft:torch":1,"minecraft:cooked_salmon":8,"minecraft:iron_leggings":1,"minecraft:iron_pickaxe":2,"minecraft:string":2,"minecraft:gold_ingot":36,"minecraft:cobbled_deepslate":3,"minecraft:rotten_flesh":1,"minecraft:iron_boots":1,"forbidden_arcanus:aureal_bottle":2,"minecraft:cooked_mutton":3,"forbidden_arcanus:splash_aureal_bottle":1,"botania:lexicon":1,"crabbersdelight:crab":2},"minecraft:used":{"minecraft:chest":10,"minecraft:iron_sword":184,"minecraft:cooked_salmon":10,"minecraft:cooked_chicken":7,"minecraft:torch":50,"minecraft:chainmail_chestplate":1,"minecraft:wooden_axe":31,"dragonmounts:dragon_egg":1,"minecraft:stone_bricks":3,"minecraft:red_carpet":6,"minecraft:furnace":5,"minecraft:cooked_mutton":2,"minecraft:diorite":3,"minecraft:wooden_pickaxe":42,"minecraft:cracked_stone_bricks":1,"quark:acacia_bookshelf":1,"minecraft:crafting_table":6,"minecraft:smoker":2,"justhammers:iron_hammer":78,"minecraft:bread":12,"minecraft:iron_pickaxe":150,"forbidden_arcanus:aureal_bottle":1,"minecraft:cobblestone":59,"minecraft:cooked_porkchop":2,"minecraft:golden_pickaxe":38}},"DataVersion":3465}