{"stats":{"minecraft:crafted":{"minecraft:wooden_sword":1,"minecraft:cooked_porkchop":2,"minecraft:crafting_table":3,"minecraft:wooden_pickaxe":1,"minecraft:iron_sword":2,"minecraft:furnace":2,"minecraft:cooked_salmon":18,"minecraft:copper_ingot":68,"minecraft:cooked_mutton":5,"minecraft:air":0,"justhammers:iron_hammer":1,"minecraft:stick":16,"minecraft:iron_ingot":21,"minecraft:iron_pickaxe":2,"minecraft:wooden_axe":1,"minecraft:acacia_planks":20},"minecraft:killed_by":{"minecraft:husk":1,"minecraft:skeleton":1,"minecraft:creeper":1},"minecraft:custom":{"lootr:looted_stat":3,"minecraft:interact_with_furnace":17,"minecraft:mob_kills":27,"minecraft:interact_with_crafting_table":9,"minecraft:leave_game":1,"minecraft:time_since_death":1326,"minecraft:climb_one_cm":42,"minecraft:damage_resisted":0,"minecraft:time_since_rest":1357,"minecraft:waystone_activated":1,"minecraft:sprint_one_cm":80317,"minecraft:damage_taken":1177,"minecraft:walk_one_cm":78934,"minecraft:drop":7,"minecraft:damage_dealt":1900,"minecraft:swim_one_cm":79016,"minecraft:fly_one_cm":100046,"minecraft:crouch_one_cm":4165,"minecraft:play_time":37608,"minecraft:deaths":3,"minecraft:sneak_time":1895,"minecraft:walk_under_water_one_cm":17985,"minecraft:jump":384,"minecraft:walk_on_water_one_cm":20822,"minecraft:total_world_time":37608,"minecraft:interact_with_smoker":8,"minecraft:fall_one_cm":10441},"minecraft:picked_up":{"minecraft:crafting_table":1,"minecraft:andesite":19,"minecraft:salmon":16,"minecraft:enchanted_book":1,"minecraft:gunpowder":2,"minecraft:dirt":2,"minecraft:raw_copper":26,"minecraft:wheat_seeds":1,"minecraft:spruce_planks":7,"minecraft:cooked_chicken":1,"twigs:twig":2,"minecraft:acacia_sapling":6,"minecraft:raw_iron":20,"apotheosis:gem":3,"crabbersdelight:crab":2,"minecraft:torch":34,"minecraft:acacia_log":25,"minecraft:porkchop":2,"minecraft:diorite":53,"minecraft:tnt":2,"alexsmobs:raw_catfish":3,"minecraft:tropical_fish":1,"minecraft:crossbow":1,"minecraft:granite":55,"mowziesmobs:umvuthana_mask_bliss":1,"minecraft:mutton":5,"minecraft:coal":31,"minecraft:cobblestone":573},"minecraft:killed":{"minecraft:pig":1,"minecraft:salmon":16,"mowziesmobs:umvuthana_follower_raptor":3,"minecraft:creeper":1,"minecraft:skeleton":1,"alexsmobs:catfish":3,"alexsmobs:terrapin":1,"minecraft:chicken":1},"minecraft:mined":{"minecraft:spruce_planks":7,"minecraft:crafting_table":1,"minecraft:acacia_log":25,"minecraft:copper_ore":9,"minecraft:diorite":2,"minecraft:iron_ore":4,"minecraft:tnt":3,"minecraft:grass":3,"minecraft:dirt":2,"minecraft:stone":71},"minecraft:dropped":{"minecraft:iron_sword":1,"minecraft:cooked_porkchop":1,"minecraft:cooked_mutton":3,"minecraft:torch":1,"minecraft:cooked_salmon":8,"crabbersdelight:crab":2,"minecraft:iron_pickaxe":1},"minecraft:used":{"minecraft:diorite":1,"minecraft:wooden_pickaxe":42,"minecraft:iron_sword":39,"minecraft:cooked_salmon":2,"minecraft:cooked_chicken":6,"minecraft:torch":15,"minecraft:crafting_table":4,"justhammers:iron_hammer":78,"minecraft:wooden_axe":31,"minecraft:iron_pickaxe":44,"minecraft:furnace":2}},"DataVersion":3465}