{"stats":{"minecraft:mined":{"minecraft:red_carpet":2,"minecraft:spruce_planks":7,"minecraft:brewing_stand":2,"minecraft:spruce_trapdoor":2,"minecraft:acacia_log":25,"minecraft:grass_block":3,"minecraft:spawner":3,"minecraft:frosted_ice":1,"minecraft:chiseled_stone_bricks":1,"forbidden_arcanus:deepslate_arcane_crystal_ore":5,"minecraft:furnace":4,"minecraft:iron_ore":32,"minecraft:enchanting_table":2,"minecraft:bookshelf":1,"minecraft:vine":2,"minecraft:deepslate_iron_ore":16,"botania:light_blue_mystical_flower":6,"botania:light_blue_double_flower":1,"minecraft:stone":86,"minecraft:tripwire":3,"lootr:lootr_chest":2,"minecraft:soul_sand":46,"minecraft:smoker":2,"minecraft:stone_brick_slab":1,"minecraft:crafting_table":3,"minecraft:torch":12,"minecraft:blast_furnace":1,"minecraft:tall_grass":1,"minecraft:copper_ore":9,"minecraft:cobblestone":15,"dragonmounts:dragon_egg":1,"minecraft:wall_torch":12,"minecraft:diorite":8,"minecraft:skeleton_skull":1,"supplementaries:urn":10,"forbidden_arcanus:xpetrified_ore":2,"globalxp:xp_block":1,"minecraft:tnt":3,"minecraft:stone_brick_stairs":1,"minecraft:grass":13,"minecraft:coal_ore":33,"minecraft:oak_log":3,"minecraft:zombie_head":1,"minecraft:dirt":2,"minecraft:cobweb":64,"minecraft:cracked_stone_bricks":5,"minecraft:stone_bricks":9,"minecraft:mossy_stone_bricks":1,"minecraft:gold_ore":3,"minecraft:gray_candle":1,"minecraft:deepslate":2,"minecraft:fern":7},"minecraft:dropped":{"minecraft:enchanted_book":5,"minecraft:bread":12,"minecraft:iron_ingot":49,"minecraft:iron_sword":2,"minecraft:wheat_seeds":3,"minecraft:diamond":9,"minecraft:cooked_porkchop":6,"minecraft:saddle":1,"minecraft:copper_ingot":68,"minecraft:coal":48,"minecraft:emerald":10,"friendsandfoes:totem_of_illusion":1,"minecraft:music_disc_13":1,"minecraft:diamond_horse_armor":1,"illagerinvasion:platinum_chunk":2,"minecraft:diorite":2,"minecraft:torch":1,"minecraft:cooked_salmon":8,"minecraft:iron_leggings":1,"minecraft:iron_pickaxe":3,"minecraft:string":2,"minecraft:gold_ingot":36,"minecraft:cobbled_deepslate":3,"minecraft:rotten_flesh":1,"minecraft:iron_boots":1,"forbidden_arcanus:aureal_bottle":2,"minecraft:cooked_mutton":3,"forbidden_arcanus:splash_aureal_bottle":1,"botania:lexicon":1,"crabbersdelight:crab":2},"minecraft:crafted":{"minecraft:wooden_sword":1,"minecraft:smooth_stone":3,"minecraft:oak_planks":12,"minecraft:furnace":3,"minecraft:blast_furnace":1,"minecraft:stone":36,"minecraft:cooked_mutton":5,"quark:acacia_bookshelf":1,"quark:acacia_chest":8,"minecraft:chest":8,"sophisticatedbackpacks:iron_backpack":1,"minecraft:cooked_porkchop":2,"minecraft:crafting_table":5,"minecraft:wooden_pickaxe":1,"minecraft:iron_sword":3,"minecraft:cooked_salmon":18,"minecraft:copper_ingot":68,"sophisticatedbackpacks:gold_backpack":1,"minecraft:air":0,"justhammers:iron_hammer":1,"minecraft:white_wool":16,"minecraft:stick":28,"minecraft:iron_ingot":38,"minecraft:iron_pickaxe":2,"minecraft:wooden_axe":1,"minecraft:acacia_planks":100,"minecraft:torch":32},"minecraft:custom":{"lootr:looted_stat":61,"minecraft:mob_kills":133,"minecraft:interact_with_crafting_table":19,"minecraft:damage_dealt_resisted":225,"minecraft:leave_game":4,"minecraft:time_since_death":45,"minecraft:climb_one_cm":12344,"minecraft:damage_resisted":173,"minecraft:sprint_one_cm":728683,"minecraft:walk_one_cm":654586,"minecraft:drop":48,"minecraft:play_time":166717,"minecraft:deaths":7,"minecraft:sneak_time":6214,"minecraft:walk_under_water_one_cm":29404,"minecraft:interact_with_brewingstand":1,"minecraft:jump":1190,"minecraft:interact_with_blast_furnace":9,"minecraft:walk_on_water_one_cm":37495,"minecraft:total_world_time":166717,"minecraft:interact_with_furnace":25,"minecraft:sleep_in_bed":2,"minecraft:time_since_rest":77,"minecraft:waystone_activated":1,"minecraft:damage_taken":6572,"minecraft:damage_absorbed":80,"minecraft:damage_dealt":21158,"minecraft:swim_one_cm":108690,"minecraft:fly_one_cm":310027,"minecraft:open_chest":101,"minecraft:crouch_one_cm":16786,"minecraft:interact_with_smoker":13,"minecraft:fall_one_cm":43975},"minecraft:used":{"minecraft:stone_shovel":47,"minecraft:chest":10,"minecraft:iron_sword":454,"minecraft:cooked_salmon":10,"minecraft:cooked_chicken":8,"minecraft:torch":77,"minecraft:dirt":2,"minecraft:chainmail_chestplate":1,"minecraft:wooden_axe":31,"dragonmounts:dragon_egg":1,"friendsandfoes:totem_of_illusion":2,"farmersdelight:cooked_salmon_slice":2,"minecraft:stone_brick_stairs":1,"minecraft:stone_bricks":4,"minecraft:red_carpet":6,"minecraft:golden_carrot":3,"minecraft:goat_horn":1,"minecraft:furnace":5,"farmersdelight:cooked_mutton_chops":3,"minecraft:cooked_beef":4,"minecraft:cooked_mutton":3,"minecraft:diorite":3,"minecraft:wooden_pickaxe":42,"minecraft:cracked_stone_bricks":2,"minecraft:golden_apple":2,"quark:acacia_bookshelf":1,"minecraft:crafting_table":7,"minecraft:blast_furnace":2,"justhammers:iron_hammer":78,"minecraft:smoker":2,"minecraft:zombie_head":1,"minecraft:bread":14,"minecraft:iron_pickaxe":168,"forbidden_arcanus:aureal_bottle":1,"globalxp:xp_block":1,"minecraft:potion":1,"minecraft:cobblestone":64,"minecraft:cooked_porkchop":20,"minecraft:golden_pickaxe":38},"minecraft:picked_up":{"minecraft:redstone_block":2,"minecraft:crafting_table":3,"minecraft:iron_chestplate":1,"illagerinvasion:platinum_chunk":5,"friendsandfoes:totem_of_illusion":5,"minecraft:enchanted_book":3,"minecraft:diamond_horse_armor":1,"minecraft:stone_brick_stairs":1,"minecraft:brewing_stand":2,"botania:light_blue_double_flower":1,"forbidden_arcanus:xpetrified_orb":2,"alexsmobs:cooked_catfish":3,"minecraft:string":69,"minecraft:raw_copper":26,"minecraft:iron_leggings":3,"minecraft:iron_shovel":1,"minecraft:zombie_head":1,"minecraft:cracked_stone_bricks":3,"minecraft:cobbled_deepslate":8,"minecraft:spruce_planks":7,"globalxp:xp_block":2,"minecraft:iron_nugget":6,"minecraft:iron_pickaxe":1,"minecraft:chest":2,"minecraft:spruce_trapdoor":2,"minecraft:furnace":4,"minecraft:iron_boots":2,"minecraft:egg":1,"botania:lexicon":1,"minecraft:raw_iron":74,"apotheosis:gem":11,"minecraft:copper_ingot":68,"minecraft:torch":66,"minecraft:acacia_log":25,"minecraft:porkchop":19,"minecraft:diorite":61,"minecraft:goat_horn":1,"minecraft:tnt":2,"minecraft:arrow":13,"minecraft:rotten_flesh":39,"minecraft:tropical_fish":1,"supplementaries:antique_ink":2,"mowziesmobs:umvuthana_mask_bliss":1,"minecraft:gold_ingot":41,"sophisticatedbackpacks:copper_backpack":1,"supplementaries:ash":43,"minecraft:skeleton_skull":1,"minecraft:mutton":5,"forbidden_arcanus:spawner_scrap":2,"minecraft:white_wool":1,"minecraft:cobblestone":604,"minecraft:enchanting_table":2,"minecraft:feather":5,"minecraft:cooked_beef":4,"minecraft:andesite":19,"minecraft:salmon":16,"minecraft:leather":2,"minecraft:smoker":2,"quark:music_disc_rain":1,"minecraft:oak_log":3,"supplementaries:flax_seeds":1,"minecraft:gunpowder":2,"minecraft:paper":2,"minecraft:dirt":4,"minecraft:white_banner":1,"botania:light_blue_mystical_flower":6,"minecraft:cooked_mutton":1,"minecraft:red_carpet":6,"minecraft:bone":5,"minecraft:stone_bricks":5,"minecraft:bow":1,"minecraft:wheat_seeds":5,"minecraft:raw_gold":5,"minecraft:iron_ingot":61,"minecraft:cooked_chicken":3,"minecraft:gray_candle":4,"minecraft:soul_sand":46,"minecraft:mossy_stone_bricks":1,"twigs:twig":2,"mowziesmobs:umvuthana_mask_misery":1,"minecraft:iron_sword":2,"minecraft:acacia_sapling":6,"minecraft:book":1,"minecraft:cooked_porkchop":31,"minecraft:chiseled_stone_bricks":1,"crabbersdelight:crab":2,"minecraft:blast_furnace":1,"illagerinvasion:illusionary_dust":1,"farmersdelight:cooked_mutton_chops":3,"forbidden_arcanus:arcane_crystal":7,"alexsmobs:raw_catfish":3,"minecraft:diamond":9,"dragonmounts:dragon_egg":1,"minecraft:iron_helmet":1,"minecraft:crossbow":1,"minecraft:granite":55,"minecraft:bread":1,"minecraft:emerald":97,"farmersdelight:cooked_salmon_slice":8,"minecraft:coal":128},"minecraft:killed":{"illagerinvasion:archivist":3,"minecraft:spider":2,"minecraft:vindicator":6,"illagerinvasion:marauder":3,"illagerinvasion:basher":1,"minecraft:skeleton":8,"minecraft:chicken":3,"illagerinvasion:provoker":1,"minecraft:illusioner":4,"alexsmobs:triops":2,"minecraft:pig":24,"alexsmobs:grizzly_bear":1,"minecraft:salmon":16,"mowziesmobs:umvuthana_follower_raptor":8,"minecraft:creeper":7,"minecraft:sheep":1,"alexsmobs:catfish":3,"minecraft:pillager":4,"minecraft:zombie":32,"alexsmobs:terrapin":1,"mowziesmobs:umvuthana_raptor":1,"minecraft:cow":2},"minecraft:killed_by":{"minecraft:husk":1,"mutantmonsters:mutant_zombie":1,"minecraft:player":1,"minecraft:creeper":1,"minecraft:vindicator":2,"minecraft:skeleton":1},"minecraft:broken":{"minecraft:iron_sword":1,"minecraft:golden_pickaxe":1,"mowziesmobs:umvuthana_mask_bliss":1}},"DataVersion":3465}