{"stats":{"minecraft:crafted":{"minecraft:wooden_sword":1,"minecraft:cooked_porkchop":2,"minecraft:crafting_table":3,"minecraft:wooden_pickaxe":1,"minecraft:iron_sword":2,"minecraft:furnace":2,"minecraft:cooked_salmon":18,"minecraft:copper_ingot":68,"minecraft:cooked_mutton":5,"minecraft:air":0,"justhammers:iron_hammer":1,"minecraft:stick":16,"minecraft:iron_ingot":21,"minecraft:iron_pickaxe":2,"minecraft:wooden_axe":1,"minecraft:acacia_planks":20},"minecraft:killed_by":{"minecraft:vindicator":2,"minecraft:husk":1,"minecraft:skeleton":1,"minecraft:creeper":1},"minecraft:custom":{"lootr:looted_stat":10,"minecraft:interact_with_furnace":17,"minecraft:mob_kills":30,"minecraft:interact_with_crafting_table":9,"minecraft:leave_game":1,"minecraft:time_since_death":395,"minecraft:climb_one_cm":861,"minecraft:damage_resisted":0,"minecraft:time_since_rest":426,"minecraft:waystone_activated":1,"minecraft:sprint_one_cm":109327,"minecraft:damage_taken":2287,"minecraft:walk_one_cm":102986,"minecraft:drop":9,"minecraft:damage_dealt":2493,"minecraft:swim_one_cm":82752,"minecraft:fly_one_cm":120033,"minecraft:crouch_one_cm":7548,"minecraft:play_time":49608,"minecraft:deaths":5,"minecraft:sneak_time":3369,"minecraft:walk_under_water_one_cm":25410,"minecraft:jump":523,"minecraft:walk_on_water_one_cm":28224,"minecraft:total_world_time":49608,"minecraft:interact_with_smoker":8,"minecraft:fall_one_cm":13636},"minecraft:picked_up":{"minecraft:crafting_table":1,"minecraft:andesite":19,"minecraft:salmon":16,"minecraft:enchanted_book":1,"minecraft:gunpowder":2,"minecraft:string":1,"forbidden_arcanus:xpetrified_orb":2,"alexsmobs:cooked_catfish":3,"minecraft:dirt":2,"minecraft:raw_copper":26,"minecraft:wheat_seeds":1,"minecraft:spruce_planks":7,"minecraft:cooked_chicken":1,"twigs:twig":2,"minecraft:acacia_sapling":6,"minecraft:raw_iron":48,"apotheosis:gem":4,"crabbersdelight:crab":2,"minecraft:torch":36,"minecraft:acacia_log":25,"minecraft:porkchop":2,"minecraft:diorite":57,"farmersdelight:cooked_mutton_chops":3,"minecraft:tnt":2,"alexsmobs:raw_catfish":3,"minecraft:rotten_flesh":3,"minecraft:tropical_fish":1,"minecraft:crossbow":1,"minecraft:granite":55,"mowziesmobs:umvuthana_mask_bliss":1,"farmersdelight:cooked_salmon_slice":8,"minecraft:mutton":5,"minecraft:coal":48,"minecraft:cobblestone":591},"minecraft:killed":{"minecraft:pig":1,"minecraft:salmon":16,"minecraft:spider":1,"mowziesmobs:umvuthana_follower_raptor":3,"minecraft:creeper":1,"minecraft:skeleton":1,"alexsmobs:catfish":3,"minecraft:zombie":2,"alexsmobs:terrapin":1,"minecraft:chicken":1},"minecraft:mined":{"minecraft:spruce_planks":7,"minecraft:crafting_table":1,"minecraft:acacia_log":25,"minecraft:copper_ore":9,"minecraft:cobblestone":8,"minecraft:diorite":6,"minecraft:wall_torch":2,"forbidden_arcanus:xpetrified_ore":2,"minecraft:iron_ore":32,"minecraft:tnt":3,"minecraft:grass":3,"minecraft:coal_ore":18,"minecraft:dirt":2,"minecraft:stone":80},"minecraft:dropped":{"minecraft:bread":11,"minecraft:iron_sword":1,"minecraft:cooked_porkchop":1,"minecraft:rotten_flesh":1,"minecraft:cooked_mutton":3,"minecraft:torch":1,"minecraft:cooked_salmon":8,"crabbersdelight:crab":2,"minecraft:iron_pickaxe":1},"minecraft:used":{"minecraft:diorite":1,"minecraft:wooden_pickaxe":42,"minecraft:iron_sword":51,"minecraft:cooked_salmon":6,"minecraft:cooked_chicken":6,"minecraft:torch":28,"minecraft:crafting_table":4,"minecraft:chainmail_chestplate":1,"justhammers:iron_hammer":78,"minecraft:wooden_axe":31,"minecraft:bread":1,"minecraft:iron_pickaxe":113,"minecraft:cobblestone":37,"minecraft:cooked_porkchop":1,"minecraft:furnace":2}},"DataVersion":3465}