{
  "boatload:recipes/transportation/warped_chest_boat": {
    "criteria": {
      "has_boat": "2024-08-21 15:27:27 +0000"
    },
    "done": true
  },
  "deeperdarker:recipes/transportation/echo_boat": {
    "criteria": {
      "in_water": "2024-08-21 15:26:12 +0000"
    },
    "done": true
  },
  "boatload:recipes/transportation/large_warped_boat": {
    "criteria": {
      "has_boat": "2024-08-21 15:27:27 +0000"
    },
    "done": true
  },
  "biomesoplenty:recipes/transportation/willow_boat": {
    "criteria": {
      "in_water": "2024-08-21 15:26:12 +0000"
    },
    "done": true
  },
  "aether:recipes/transportation/skyroot_boat": {
    "criteria": {
      "in_water": "2024-08-21 15:26:12 +0000"
    },
    "done": true
  },
  "biomesoplenty:recipes/transportation/jacaranda_chest_boat": {
    "criteria": {
      "has_boat": "2024-08-21 15:27:27 +0000"
    },
    "done": true
  },
  "boatload:recipes/transportation/bamboo_furnace_raft": {
    "criteria": {
      "has_boat": "2024-08-21 15:27:27 +0000"
    },
    "done": true
  },
  "minecraft:recipes/transportation/spruce_chest_boat": {
    "criteria": {
      "has_boat": "2024-08-21 15:27:27 +0000"
    },
    "done": true
  },
  "minecraft:recipes/decorations/crafting_table": {
    "criteria": {
      "unlock_right_away": "2024-08-21 15:24:15 +0000"
    },
    "done": true
  },
  "minecraft:recipes/transportation/cherry_boat": {
    "criteria": {
      "in_water": "2024-08-21 15:26:12 +0000"
    },
    "done": true
  },
  "minecraft:recipes/transportation/mangrove_chest_boat": {
    "criteria": {
      "has_boat": "2024-08-21 15:27:27 +0000"
    },
    "done": true
  },
  "adorabuild_structures:overworld_structures": {
    "criteria": {
      "always": "2024-08-21 15:24:15 +0000"
    },
    "done": true
  },
  "biomesoplenty:recipes/transportation/fir_chest_boat": {
    "criteria": {
      "has_boat": "2024-08-21 15:27:27 +0000"
    },
    "done": true
  },
  "boatload:recipes/transportation/large_spruce_boat": {
    "criteria": {
      "has_boat": "2024-08-21 15:27:27 +0000"
    },
    "done": true
  },
  "biomesoplenty:recipes/transportation/dead_boat": {
    "criteria": {
      "in_water": "2024-08-21 15:26:12 +0000"
    },
    "done": true
  },
  "aether_redux:recipes/transportation/glacia_chest_boat": {
    "criteria": {
      "has_boat": "2024-08-21 15:27:27 +0000"
    },
    "done": true
  },
  "biomesoplenty:recipes/transportation/magic_boat": {
    "criteria": {
      "in_water": "2024-08-21 15:26:12 +0000"
    },
    "done": true
  },
  "aether_redux:recipes/transportation/crystal_chest_boat": {
    "criteria": {
      "has_boat": "2024-08-21 15:27:27 +0000"
    },
    "done": true
  },
  "minecraft:recipes/transportation/oak_chest_boat": {
    "criteria": {
      "has_boat": "2024-08-21 15:27:27 +0000"
    },
    "done": true
  },
  "boatload:recipes/transportation/warped_furnace_boat": {
    "criteria": {
      "has_boat": "2024-08-21 15:27:27 +0000"
    },
    "done": true
  },
  "twilightforest:recipes/transportation/mangrove_chest_boat": {
    "criteria": {
      "has_boat": "2024-08-21 15:27:27 +0000"
    },
    "done": true
  },
  "betterend:root": {
    "criteria": {
      "welcome": "2024-08-21 15:24:17 +0000"
    },
    "done": true
  },
  "crabbersdelight:main/root": {
    "criteria": {
      "seeds": "2024-08-21 15:27:27 +0000"
    },
    "done": true
  },
  "biomesoplenty:biomesoplenty/root": {
    "criteria": {
      "rocky_shrubland": "2024-08-21 15:29:48 +0000"
    },
    "done": true
  },
  "minecraft:recipes/transportation/acacia_boat": {
    "criteria": {
      "in_water": "2024-08-21 15:26:12 +0000"
    },
    "done": true
  },
  "betterdungeons:root": {
    "criteria": {
      "always": "2024-08-21 15:24:15 +0000"
    },
    "done": true
  },
  "aether_redux:recipes/transportation/blightwillow_chest_boat": {
    "criteria": {
      "has_boat": "2024-08-21 15:27:27 +0000"
    },
    "done": true
  },
  "minecraft:nether/summon_wither": {
    "criteria": {
      "summoned": "2024-08-21 15:31:16 +0000"
    },
    "done": true
  },
  "biomesoplenty:recipes/transportation/umbran_chest_boat": {
    "criteria": {
      "has_boat": "2024-08-21 15:27:27 +0000"
    },
    "done": true
  },
  "biomesoplenty:recipes/transportation/willow_chest_boat": {
    "criteria": {
      "has_boat": "2024-08-21 15:27:27 +0000"
    },
    "done": true
  },
  "minecraft:recipes/transportation/jungle_boat": {
    "criteria": {
      "in_water": "2024-08-21 15:26:12 +0000"
    },
    "done": true
  },
  "twilightforest:recipes/transportation/mining_boat": {
    "criteria": {
      "in_water": "2024-08-21 15:26:12 +0000"
    },
    "done": true
  },
  "supplementaries:recipes/boat_jar": {
    "criteria": {
      "minecraft:boats": "2024-08-21 15:27:27 +0000"
    },
    "done": true
  },
  "twilightforest:recipes/transportation/transformation_chest_boat": {
    "criteria": {
      "has_boat": "2024-08-21 15:27:27 +0000"
    },
    "done": true
  },
  "minecraft:recipes/decorations/glow_item_frame": {
    "criteria": {
      "has_item_frame": "2024-08-21 15:27:37 +0000"
    },
    "done": true
  },
  "twilightforest:recipes/transportation/mangrove_boat": {
    "criteria": {
      "in_water": "2024-08-21 15:26:12 +0000"
    },
    "done": true
  },
  "biomesoplenty:recipes/transportation/fir_boat": {
    "criteria": {
      "in_water": "2024-08-21 15:26:12 +0000"
    },
    "done": true
  },
  "aether_redux:recipes/transportation/fieldsproot_boat": {
    "criteria": {
      "in_water": "2024-08-21 15:26:12 +0000"
    },
    "done": true
  },
  "minecraft:recipes/transportation/spruce_boat": {
    "criteria": {
      "in_water": "2024-08-21 15:26:12 +0000"
    },
    "done": true
  },
  "biomesoplenty:recipes/transportation/redwood_chest_boat": {
    "criteria": {
      "has_boat": "2024-08-21 15:27:27 +0000"
    },
    "done": true
  },
  "boatload:recipes/transportation/mangrove_furnace_boat": {
    "criteria": {
      "has_boat": "2024-08-21 15:27:27 +0000"
    },
    "done": true
  },
  "biomesoplenty:recipes/transportation/redwood_boat": {
    "criteria": {
      "in_water": "2024-08-21 15:26:12 +0000"
    },
    "done": true
  },
  "boatload:recipes/transportation/jungle_furnace_boat": {
    "criteria": {
      "has_boat": "2024-08-21 15:27:27 +0000"
    },
    "done": true
  },
  "minecraft:recipes/transportation/mangrove_boat": {
    "criteria": {
      "in_water": "2024-08-21 15:26:12 +0000"
    },
    "done": true
  },
  "minecraft:recipes/transportation/dark_oak_chest_boat": {
    "criteria": {
      "has_boat": "2024-08-21 15:27:27 +0000"
    },
    "done": true
  },
  "boatload:recipes/transportation/large_crimson_boat": {
    "criteria": {
      "has_boat": "2024-08-21 15:27:27 +0000"
    },
    "done": true
  },
  "aether_redux:recipes/transportation/cloudcap_chest_boat": {
    "criteria": {
      "has_boat": "2024-08-21 15:27:27 +0000"
    },
    "done": true
  },
  "biomesoplenty:recipes/transportation/hellbark_boat": {
    "criteria": {
      "in_water": "2024-08-21 15:26:12 +0000"
    },
    "done": true
  },
  "biomesoplenty:recipes/transportation/jacaranda_boat": {
    "criteria": {
      "in_water": "2024-08-21 15:26:12 +0000"
    },
    "done": true
  },
  "boatload:recipes/transportation/large_jungle_boat": {
    "criteria": {
      "has_boat": "2024-08-21 15:27:27 +0000"
    },
    "done": true
  },
  "twilightforest:recipes/transportation/canopy_boat": {
    "criteria": {
      "in_water": "2024-08-21 15:26:12 +0000"
    },
    "done": true
  },
  "minecraft:nether/get_wither_skull": {
    "criteria": {
      "wither_skull": "2024-08-21 15:31:06 +0000"
    },
    "done": true
  },
  "boatload:recipes/transportation/crimson_chest_boat": {
    "criteria": {
      "has_boat": "2024-08-21 15:27:27 +0000"
    },
    "done": true
  },
  "biomesoplenty:recipes/transportation/palm_boat": {
    "criteria": {
      "in_water": "2024-08-21 15:26:12 +0000"
    },
    "done": true
  },
  "minecraft:recipes/decorations/soul_campfire": {
    "criteria": {
      "has_soul_sand": "2024-08-21 15:31:10 +0000"
    },
    "done": true
  },
  "aether_redux:recipes/transportation/jellyshroom_chest_boat": {
    "criteria": {
      "has_boat": "2024-08-21 15:27:27 +0000"
    },
    "done": true
  },
  "twilightforest:recipes/transportation/sorting_boat": {
    "criteria": {
      "in_water": "2024-08-21 15:26:12 +0000"
    },
    "done": true
  },
  "aether_redux:recipes/transportation/glacia_boat": {
    "criteria": {
      "in_water": "2024-08-21 15:26:12 +0000"
    },
    "done": true
  },
  "minecraft:recipes/misc/skull_banner_pattern": {
    "criteria": {
      "has_wither_skeleton_skull": "2024-08-21 15:31:06 +0000"
    },
    "done": true
  },
  "minecraft:recipes/transportation/dark_oak_boat": {
    "criteria": {
      "in_water": "2024-08-21 15:26:12 +0000"
    },
    "done": true
  },
  "boatload:recipes/transportation/oak_furnace_boat": {
    "criteria": {
      "has_boat": "2024-08-21 15:27:27 +0000"
    },
    "done": true
  },
  "boatload:recipes/transportation/acacia_furnace_boat": {
    "criteria": {
      "has_boat": "2024-08-21 15:27:27 +0000"
    },
    "done": true
  },
  "twilightforest:recipes/transportation/sorting_chest_boat": {
    "criteria": {
      "has_boat": "2024-08-21 15:27:27 +0000"
    },
    "done": true
  },
  "boatload:recipes/transportation/dark_oak_furnace_boat": {
    "criteria": {
      "has_boat": "2024-08-21 15:27:27 +0000"
    },
    "done": true
  },
  "repurposed_structures:root": {
    "criteria": {
      "always": "2024-08-21 15:24:15 +0000"
    },
    "done": true
  },
  "minecraft:recipes/transportation/jungle_chest_boat": {
    "criteria": {
      "has_boat": "2024-08-21 15:27:27 +0000"
    },
    "done": true
  },
  "boatload:recipes/transportation/wide_bamboo_raft": {
    "criteria": {
      "has_boat": "2024-08-21 15:27:27 +0000"
    },
    "done": true
  },
  "biomesoplenty:recipes/transportation/umbran_boat": {
    "criteria": {
      "in_water": "2024-08-21 15:26:12 +0000"
    },
    "done": true
  },
  "mowziesmobs:root": {
    "criteria": {
      "custom_test_name": "2024-08-21 15:24:15 +0000"
    },
    "done": true
  },
  "minecraft:recipes/transportation/bamboo_raft": {
    "criteria": {
      "in_water": "2024-08-21 15:26:12 +0000"
    },
    "done": true
  },
  "minecraft:recipes/decorations/soul_torch": {
    "criteria": {
      "has_soul_sand": "2024-08-21 15:31:10 +0000"
    },
    "done": true
  },
  "biomesoplenty:recipes/transportation/palm_chest_boat": {
    "criteria": {
      "has_boat": "2024-08-21 15:27:27 +0000"
    },
    "done": true
  },
  "twilightforest:recipes/transportation/mining_chest_boat": {
    "criteria": {
      "has_boat": "2024-08-21 15:27:27 +0000"
    },
    "done": true
  },
  "boatload:recipes/transportation/large_birch_boat": {
    "criteria": {
      "has_boat": "2024-08-21 15:27:27 +0000"
    },
    "done": true
  },
  "boatload:recipes/transportation/cherry_furnace_boat": {
    "criteria": {
      "has_boat": "2024-08-21 15:27:27 +0000"
    },
    "done": true
  },
  "boatload:recipes/transportation/birch_furnace_boat": {
    "criteria": {
      "has_boat": "2024-08-21 15:27:27 +0000"
    },
    "done": true
  },
  "deeperdarker:recipes/transportation/echo_chest_boat": {
    "criteria": {
      "has_boat": "2024-08-21 15:27:27 +0000"
    },
    "done": true
  },
  "minecraft:recipes/transportation/bamboo_chest_raft": {
    "criteria": {
      "has_boat": "2024-08-21 15:27:27 +0000"
    },
    "done": true
  },
  "boatload:recipes/transportation/warped_boat": {
    "criteria": {
      "in_water": "2024-08-21 15:26:12 +0000"
    },
    "done": true
  },
  "dungeons_arise:wda_root": {
    "criteria": {
      "WDA": "2024-08-21 15:24:15 +0000"
    },
    "done": true
  },
  "biomesoplenty:recipes/transportation/hellbark_chest_boat": {
    "criteria": {
      "has_boat": "2024-08-21 15:27:27 +0000"
    },
    "done": true
  },
  "twilightforest:recipes/transportation/dark_chest_boat": {
    "criteria": {
      "has_boat": "2024-08-21 15:27:27 +0000"
    },
    "done": true
  },
  "boatload:recipes/transportation/spruce_furnace_boat": {
    "criteria": {
      "has_boat": "2024-08-21 15:27:27 +0000"
    },
    "done": true
  },
  "twilightforest:recipes/transportation/twilight_oak_boat": {
    "criteria": {
      "in_water": "2024-08-21 15:26:12 +0000"
    },
    "done": true
  },
  "twilightforest:recipes/transportation/time_boat": {
    "criteria": {
      "in_water": "2024-08-21 15:26:12 +0000"
    },
    "done": true
  },
  "aether_redux:recipes/transportation/crystal_boat": {
    "criteria": {
      "in_water": "2024-08-21 15:26:12 +0000"
    },
    "done": true
  },
  "twilightforest:recipes/transportation/canopy_chest_boat": {
    "criteria": {
      "has_boat": "2024-08-21 15:27:27 +0000"
    },
    "done": true
  },
  "aether_redux:recipes/transportation/blightwillow_boat": {
    "criteria": {
      "in_water": "2024-08-21 15:26:12 +0000"
    },
    "done": true
  },
  "twilightforest:recipes/transportation/time_chest_boat": {
    "criteria": {
      "has_boat": "2024-08-21 15:27:27 +0000"
    },
    "done": true
  },
  "minecraft:recipes/transportation/acacia_chest_boat": {
    "criteria": {
      "has_boat": "2024-08-21 15:27:27 +0000"
    },
    "done": true
  },
  "twilightforest:recipes/transportation/transformation_boat": {
    "criteria": {
      "in_water": "2024-08-21 15:26:12 +0000"
    },
    "done": true
  },
  "biomesoplenty:biomesoplenty/all_biomes": {
    "criteria": {
      "shrubland": "2024-08-21 15:29:56 +0000",
      "rocky_shrubland": "2024-08-21 15:29:48 +0000",
      "jade_cliffs": "2024-08-21 15:32:40 +0000",
      "lavender_forest": "2024-08-21 15:30:57 +0000"
    },
    "done": false
  },
  "boatload:recipes/transportation/crimson_furnace_boat": {
    "criteria": {
      "has_boat": "2024-08-21 15:27:27 +0000"
    },
    "done": true
  },
  "biomesoplenty:recipes/transportation/magic_chest_boat": {
    "criteria": {
      "has_boat": "2024-08-21 15:27:27 +0000"
    },
    "done": true
  },
  "minecraft:recipes/transportation/birch_boat": {
    "criteria": {
      "in_water": "2024-08-21 15:26:12 +0000"
    },
    "done": true
  },
  "minecraft:recipes/transportation/cherry_chest_boat": {
    "criteria": {
      "has_boat": "2024-08-21 15:27:27 +0000"
    },
    "done": true
  },
  "minecraft:recipes/transportation/birch_chest_boat": {
    "criteria": {
      "has_boat": "2024-08-21 15:27:27 +0000"
    },
    "done": true
  },
  "minecraft:recipes/transportation/oak_boat": {
    "criteria": {
      "in_water": "2024-08-21 15:26:12 +0000"
    },
    "done": true
  },
  "boatload:recipes/transportation/large_oak_boat": {
    "criteria": {
      "has_boat": "2024-08-21 15:27:27 +0000"
    },
    "done": true
  },
  "cataclysm:root": {
    "criteria": {
      "custom_test_name": "2024-08-21 15:24:15 +0000"
    },
    "done": true
  },
  "biomesoplenty:recipes/transportation/dead_chest_boat": {
    "criteria": {
      "has_boat": "2024-08-21 15:27:27 +0000"
    },
    "done": true
  },
  "aether_redux:recipes/transportation/cloudcap_boat": {
    "criteria": {
      "in_water": "2024-08-21 15:26:12 +0000"
    },
    "done": true
  },
  "boatload:recipes/transportation/large_cherry_boat": {
    "criteria": {
      "has_boat": "2024-08-21 15:27:27 +0000"
    },
    "done": true
  },
  "twilightforest:recipes/transportation/twilight_oak_chest_boat": {
    "criteria": {
      "has_boat": "2024-08-21 15:27:27 +0000"
    },
    "done": true
  },
  "biomesoplenty:recipes/transportation/mahogany_boat": {
    "criteria": {
      "in_water": "2024-08-21 15:26:12 +0000"
    },
    "done": true
  },
  "twilightforest:recipes/transportation/dark_boat": {
    "criteria": {
      "in_water": "2024-08-21 15:26:12 +0000"
    },
    "done": true
  },
  "boatload:recipes/transportation/large_dark_oak_boat": {
    "criteria": {
      "has_boat": "2024-08-21 15:27:27 +0000"
    },
    "done": true
  },
  "aether_redux:recipes/transportation/fieldsproot_chest_boat": {
    "criteria": {
      "has_boat": "2024-08-21 15:27:27 +0000"
    },
    "done": true
  },
  "boatload:recipes/transportation/large_acacia_boat": {
    "criteria": {
      "has_boat": "2024-08-21 15:27:27 +0000"
    },
    "done": true
  },
  "farmersdelight:main/root": {
    "criteria": {
      "seeds": "2024-08-21 15:27:27 +0000"
    },
    "done": true
  },
  "aether_redux:recipes/transportation/jellyshroom_boat": {
    "criteria": {
      "in_water": "2024-08-21 15:26:12 +0000"
    },
    "done": true
  },
  "boatload:recipes/transportation/crimson_boat": {
    "criteria": {
      "in_water": "2024-08-21 15:26:12 +0000"
    },
    "done": true
  },
  "minecraft:adventure/adventuring_time": {
    "criteria": {
      "minecraft:deep_ocean": "2024-08-21 15:27:55 +0000",
      "minecraft:beach": "2024-08-21 15:26:17 +0000",
      "minecraft:river": "2024-08-21 15:26:04 +0000",
      "minecraft:stony_shore": "2024-08-21 15:31:36 +0000",
      "minecraft:ocean": "2024-08-21 15:26:57 +0000",
      "minecraft:plains": "2024-08-21 15:24:17 +0000"
    },
    "done": false
  },
  "biomesoplenty:recipes/transportation/mahogany_chest_boat": {
    "criteria": {
      "has_boat": "2024-08-21 15:27:27 +0000"
    },
    "done": true
  },
  "aether:recipes/transportation/skyroot_chest_boat": {
    "criteria": {
      "has_boat": "2024-08-21 15:27:27 +0000"
    },
    "done": true
  },
  "boatload:recipes/transportation/large_mangrove_boat": {
    "criteria": {
      "has_boat": "2024-08-21 15:27:27 +0000"
    },
    "done": true
  },
  "DataVersion": 3465
}